CustomerID,Q109_1,QS2,QS3,AGE,hqAge,hqSportsParticipate_1,hqSportsParticipate_2,hqSportsParticipate_3,hqSportsParticipate_4,hqSportsParticipate_98,hqSportsEver_1,hqSportsEver_2,hqSportsEver_3,hqSportsEver_4,hqSportsEver_5,hqSportsEver_6,hqSportsEver_7,hqSportsEver_8,hqSportsEver_9,hqSportsEver_10,hqSportsEver_11,hqSportsEver_12,hqSportsEver_98,hqNumberOfSports_1,hqRun,hqCycle,hqTri,hqRunCycleTri,hqSpend,QS6_1,QS6_2,QS6_3,QS6_4,QS6_5,QS6_6,QS6_7,QS6_8,QS6_9,QS6_10,QS6_11,QS6_98,hqTrack,hqGPS,QS7_1,QS7_2,QS7_3,QS7_4,QS7_5,QS7_6,QS7_7,QS7_8,QS7_9,QS8,hqIndoorTrainer,Q1_1,Q1_2,Q1_3,Q1_4,Q1_5,Q1_6,Q1_7,Q1_8,Q1_9,Q1_10,Q1_11,Q2_1,Q2_2,Q2_3,Q2_4,Q2_5,Q2_6,Q2_7,Q2_8,Q2_9,Q2_10,Q2_11,Q2_12,cluster
3,non-sample,1,92,29,3,1,1,1,1,1,1,1,1,1,1,1,NA,NA,NA,NA,NA,1,NA,7,1,1,1,1,3,0,0,0,0,0,1,0,1,1,0,1,1,1,2,0,1,0,0,0,1,0,1,0,5,1,1,4,4,4,1,4,4,4,4,4,4,3,4,4,5,5,1,5,4,1,1,5,4,1
125,non-sample,1,82,39,5,1,1,NA,NA,1,1,1,1,NA,1,1,NA,NA,1,1,NA,NA,1,8,2,1,2,1,3,0,1,0,1,0,0,0,0,0,1,0,0,1,1,1,0,0,0,0,0,0,0,0,NA,2,2,3,1,2,3,4,2,2,2,4,4,1,3,4,1,4,3,4,4,4,4,1,3,2
159,non-sample,1,69,52,8,NA,1,1,1,1,1,1,1,1,1,1,1,NA,NA,NA,1,NA,1,9,2,1,1,1,3,0,1,1,1,0,1,0,0,0,1,0,1,1,1,0,0,0,0,0,1,0,0,0,5,1,3,4,1,1,1,2,3,2,2,2,4,4,4,4,4,5,3,4,3,2,3,2,4,2
160,non-sample,1,64,57,9,NA,1,NA,NA,1,NA,1,1,NA,1,1,NA,NA,1,1,NA,NA,NA,6,2,1,2,1,3,0,0,1,1,0,1,0,0,0,1,0,0,1,2,0,0,0,0,0,0,0,1,0,5,1,3,4,1,1,1,4,2,2,3,2,3,2,5,5,2,5,1,4,5,2,4,3,3,2
161,non-sample,2,64,57,9,NA,1,NA,NA,1,NA,1,NA,NA,1,1,NA,NA,NA,NA,NA,NA,1,4,2,1,2,1,3,0,0,1,0,1,1,0,0,1,1,0,0,1,2,0,0,0,0,0,0,0,1,0,5,1,2,3,1,1,2,2,2,1,2,4,3,5,4,3,3,4,2,4,4,4,1,3,4,2
176,non-sample,2,91,30,4,1,1,NA,NA,1,1,1,1,NA,1,1,NA,1,1,1,NA,NA,1,9,1,1,2,1,3,0,1,0,0,0,1,0,0,0,0,0,0,1,1,0,1,1,0,0,0,0,1,0,6,1,1,1,1,1,2,1,1,2,1,4,2,3,4,4,2,4,1,4,4,5,4,2,4,3
183,non-sample,1,89,32,4,NA,1,1,NA,1,NA,1,1,NA,1,1,1,1,1,1,1,1,1,11,2,1,2,1,1,0,0,0,0,0,0,0,0,0,0,1,0,1,2,0,0,0,0,0,1,0,0,0,5,1,2,3,1,3,3,3,4,3,2,2,4,2,4,4,2,1,2,2,4,3,4,1,4,1
202,non-sample,1,82,39,5,1,1,1,1,1,1,1,1,1,1,1,1,NA,1,1,1,1,1,12,1,1,1,1,2,0,1,0,1,0,1,0,0,0,1,0,1,1,1,0,1,1,1,0,1,0,0,1,6,1,1,4,1,2,1,4,4,4,1,4,4,3,3,5,5,5,3,3,4,4,3,5,4,3
222,non-sample,1,79,42,6,1,1,1,NA,1,1,1,1,1,1,1,1,1,1,1,1,NA,1,12,1,1,2,1,3,0,1,1,1,0,1,0,0,0,1,0,0,1,1,1,0,0,0,0,0,0,0,0,NA,2,4,4,1,4,4,1,1,1,1,4,4,3,5,5,5,5,5,5,5,5,5,3,5,3
238,non-sample,2,72,49,7,1,1,1,1,1,1,1,1,1,1,1,NA,NA,1,1,NA,NA,NA,8,1,1,1,1,3,0,1,0,0,0,1,0,0,0,1,0,0,1,1,0,0,0,0,0,0,1,1,0,4,1,3,3,1,4,1,2,1,3,1,3,4,2,2,2,5,5,2,5,4,1,4,1,4,3
244,non-sample,1,70,51,8,1,1,NA,NA,1,1,1,NA,NA,1,1,NA,NA,NA,NA,1,1,NA,6,2,1,2,1,3,0,1,0,1,0,0,0,0,0,1,0,1,1,1,0,0,0,0,0,1,0,1,0,3,1,4,4,1,3,4,1,1,1,1,1,4,3,5,2,1,5,2,1,5,5,5,4,5,1
245,non-sample,2,68,53,8,NA,1,NA,NA,1,1,1,NA,1,1,1,1,NA,1,1,1,1,1,11,2,1,2,1,3,0,1,1,0,1,1,0,0,0,0,1,0,1,1,0,0,0,0,0,0,0,1,0,5,1,1,1,1,1,1,1,3,1,2,4,4,5,1,3,3,1,1,3,1,1,3,3,3,1
246,non-sample,2,65,56,9,1,1,NA,NA,1,1,1,1,1,1,1,NA,NA,1,1,NA,NA,NA,8,1,1,2,1,3,0,0,1,1,0,1,0,0,0,1,0,0,1,2,0,0,0,0,0,0,0,1,0,5,1,4,1,1,1,1,4,1,1,3,4,4,5,3,2,4,5,4,4,4,1,2,2,2,3
247,non-sample,1,63,58,9,NA,1,NA,NA,1,1,1,1,NA,1,1,NA,1,1,1,NA,1,1,10,2,1,2,1,2,0,1,0,1,0,0,0,0,0,1,0,0,1,1,0,1,1,0,1,0,0,0,0,NA,NA,3,3,1,2,4,4,2,4,2,2,4,2,5,4,4,3,4,2,3,5,5,2,5,1
248,non-sample,1,62,59,9,NA,1,1,NA,1,NA,1,1,NA,1,1,NA,NA,NA,NA,NA,NA,NA,4,2,1,2,1,2,0,0,0,0,1,1,0,0,0,0,1,1,1,2,0,0,0,0,0,1,0,0,0,5,1,3,3,1,2,4,2,3,2,2,3,2,3,4,5,3,3,5,1,4,1,5,3,1,1
249,non-sample,1,62,59,9,1,1,1,1,1,1,1,1,1,1,1,NA,NA,NA,NA,NA,NA,NA,6,1,1,1,1,3,0,1,0,1,0,0,0,0,0,0,0,0,1,1,0,1,0,0,0,0,0,1,0,4,1,3,4,1,1,1,4,3,3,3,4,3,4,5,5,3,5,2,4,4,3,3,2,4,2
258,non-sample,1,96,25,3,1,1,1,1,1,1,1,1,1,1,1,1,1,1,1,1,1,1,13,1,1,1,1,3,0,1,0,0,0,1,0,0,0,1,0,0,1,1,0,0,0,0,0,0,0,1,0,6,1,2,3,2,2,3,4,3,2,4,3,4,2,4,5,4,5,1,4,4,5,5,3,5,2
259,non-sample,1,95,26,3,1,1,NA,NA,1,1,1,1,NA,1,1,NA,1,NA,1,1,1,NA,9,2,1,2,1,2,0,1,1,0,1,1,0,0,1,1,1,0,1,1,0,0,0,0,0,0,0,1,0,5,1,2,4,2,4,3,3,2,2,2,3,3,4,2,5,1,4,3,3,2,5,3,3,2,1
260,non-sample,2,95,26,3,NA,1,NA,NA,1,1,1,1,NA,1,1,1,1,1,1,NA,NA,1,10,2,1,2,1,3,0,0,0,0,1,0,0,0,0,1,0,0,1,2,0,0,0,0,0,0,0,1,0,4,1,2,3,2,3,3,4,3,1,2,2,3,1,4,5,2,2,3,1,3,3,5,2,4,1
272,non-sample,1,89,32,4,1,1,NA,1,1,1,1,1,1,1,1,NA,NA,1,NA,NA,1,NA,8,1,1,1,1,3,0,1,0,1,0,1,0,0,0,0,1,1,1,1,0,1,0,0,0,0,1,1,0,7,1,4,4,1,3,2,4,4,3,4,3,4,5,5,5,4,5,4,5,4,2,4,1,5,2
277,non-sample,1,88,33,4,NA,1,NA,NA,1,1,1,1,NA,1,1,1,NA,1,1,NA,1,1,10,2,1,2,1,3,0,0,1,1,0,1,0,0,0,1,0,0,1,2,0,0,0,0,0,0,0,0,1,5,1,2,4,1,3,2,3,3,1,3,3,4,3,5,5,3,5,4,4,5,5,5,2,4,2
301,non-sample,2,85,36,5,1,1,1,1,1,1,1,1,1,1,1,NA,NA,1,1,1,1,1,11,1,1,1,1,3,0,1,1,0,1,1,0,0,1,1,0,0,1,1,0,0,0,0,0,1,0,0,1,4,1,2,1,1,4,4,1,1,3,1,3,4,5,4,3,1,4,5,3,4,4,3,2,4,3
306,non-sample,1,84,37,5,1,1,1,1,1,1,1,1,1,1,1,1,NA,1,1,1,NA,NA,10,1,1,1,1,2,0,1,0,0,0,1,0,0,0,1,0,0,1,1,0,1,0,0,0,0,0,1,0,5,1,2,3,1,4,3,1,1,1,1,2,3,1,3,4,3,5,4,3,4,3,5,2,2,2
313,non-sample,1,83,38,5,1,1,NA,NA,1,1,1,1,NA,1,1,1,1,1,NA,NA,NA,1,9,1,1,2,1,3,0,1,0,1,0,1,0,0,0,1,1,0,1,1,0,1,0,0,0,0,0,1,0,5,1,3,4,1,3,2,2,1,3,2,3,3,3,5,5,3,5,4,3,5,5,5,2,5,2
338,non-sample,2,81,40,6,NA,1,NA,NA,1,NA,1,NA,NA,1,1,NA,NA,NA,NA,NA,NA,1,4,2,1,2,1,1,0,0,1,0,0,0,0,0,0,1,0,1,1,2,0,0,0,0,0,1,0,0,0,6,1,1,4,2,3,3,3,2,1,1,2,3,2,2,4,1,4,1,2,2,3,3,4,3,1
351,non-sample,2,80,41,6,1,1,1,1,1,1,1,1,1,1,1,NA,NA,NA,1,NA,NA,1,8,1,1,1,1,3,0,1,0,1,0,1,0,0,0,0,1,0,1,1,0,0,0,0,0,0,0,1,0,5,1,1,4,2,2,2,1,2,3,1,4,3,4,3,4,4,5,5,1,4,3,4,1,2,3
370,non-sample,1,77,44,6,1,1,1,1,1,1,1,1,1,1,1,1,1,1,1,1,1,1,13,1,1,1,1,3,0,1,1,1,0,1,0,0,0,1,0,1,1,1,0,1,0,0,0,1,0,1,0,5,1,4,4,1,2,1,1,2,4,3,4,4,5,5,5,5,5,5,5,5,4,4,3,5,3
374,non-sample,1,76,45,7,1,1,1,NA,1,1,1,1,1,1,1,NA,NA,1,1,NA,1,1,10,1,1,2,1,2,0,0,0,1,0,0,0,1,0,1,0,0,1,2,0,0,0,0,0,0,0,1,0,6,1,3,4,1,3,1,1,3,3,2,3,3,4,4,4,4,3,4,4,4,4,4,2,4,2
375,non-sample,1,76,45,7,NA,1,NA,NA,1,1,1,NA,NA,1,1,NA,NA,1,1,NA,1,NA,7,2,1,2,1,3,0,0,0,1,0,1,1,0,0,1,0,0,1,2,0,0,0,0,0,0,0,1,0,5,1,3,4,1,2,3,3,1,2,4,4,4,5,5,4,5,5,5,4,5,3,5,2,5,2
376,non-sample,1,76,45,7,1,1,NA,NA,1,1,1,1,NA,1,1,NA,NA,NA,NA,NA,1,NA,6,2,1,2,1,2,0,0,0,0,0,1,0,0,0,1,0,0,1,2,0,0,0,0,0,0,0,1,0,6,1,1,2,1,1,4,2,3,3,4,4,3,4,4,3,3,4,3,2,4,4,2,3,5,2
381,non-sample,1,75,46,7,1,1,NA,1,1,1,1,NA,1,1,1,NA,NA,1,1,NA,1,1,9,1,1,1,1,2,0,1,1,1,0,1,0,0,0,0,1,0,1,1,0,0,0,0,0,0,0,1,0,6,1,1,2,2,2,1,2,2,1,1,2,1,4,5,5,3,5,3,4,4,3,3,5,3,3
385,non-sample,2,74,47,7,NA,1,NA,NA,1,1,1,1,NA,1,1,NA,NA,1,1,NA,NA,1,8,2,1,2,1,3,0,0,0,0,0,1,0,0,0,1,0,1,1,2,0,0,0,0,0,0,1,0,0,6,1,4,3,1,1,1,4,2,1,1,4,1,5,5,5,5,5,3,4,1,5,2,1,4,3
386,non-sample,1,74,47,7,NA,1,NA,NA,1,NA,1,NA,NA,1,1,NA,NA,1,1,NA,NA,1,6,2,1,2,1,3,0,1,0,1,0,1,1,0,0,1,0,0,1,1,0,0,0,0,0,0,0,0,1,5,1,4,4,1,1,1,2,3,3,1,4,3,5,5,5,4,5,4,4,4,4,3,1,4,2
387,non-sample,1,74,47,7,1,1,1,1,1,1,1,1,1,1,1,1,1,NA,1,NA,NA,1,10,1,1,1,1,3,0,1,0,1,0,1,0,0,0,0,0,0,1,1,0,0,0,0,0,0,0,1,0,5,1,2,2,3,3,2,3,3,4,3,1,2,4,4,4,4,5,2,4,4,2,1,4,3,1
389,non-sample,1,73,48,7,NA,1,1,NA,1,NA,1,1,NA,1,1,NA,1,1,1,1,NA,1,9,2,1,2,1,3,0,0,1,1,0,1,0,0,0,1,0,0,1,2,0,0,1,0,1,0,1,0,0,5,1,4,4,2,2,3,4,3,4,1,4,4,5,4,5,4,5,2,2,4,2,4,2,4,2
390,non-sample,1,73,48,7,NA,1,NA,NA,1,NA,1,NA,NA,1,1,1,NA,1,1,NA,NA,NA,6,2,1,2,1,3,0,0,0,1,0,0,0,0,0,1,0,0,1,2,0,0,0,0,0,0,0,1,0,5,1,3,3,1,2,2,4,2,3,4,4,1,5,4,2,5,5,4,4,5,5,4,3,4,3
391,non-sample,1,73,48,7,1,1,NA,NA,1,1,1,1,NA,1,1,NA,NA,1,1,NA,NA,NA,7,1,1,2,1,3,0,1,0,1,0,1,0,0,0,0,0,0,1,1,0,1,0,0,0,0,0,1,0,5,1,2,4,1,3,4,4,2,2,3,3,3,3,5,4,2,4,4,1,1,2,2,3,2,1
396,non-sample,1,71,50,8,1,1,1,1,1,1,1,1,1,1,1,1,1,NA,1,1,1,1,12,1,1,1,1,3,0,1,0,1,0,1,0,0,0,1,0,0,1,1,0,1,0,0,0,1,0,1,0,5,1,2,3,2,3,2,3,2,2,3,2,3,4,5,3,4,4,4,3,5,1,2,4,4,2
397,non-sample,1,71,50,8,1,1,NA,NA,1,1,1,1,1,1,1,NA,NA,NA,1,NA,1,1,9,2,1,2,1,3,0,1,0,1,0,1,0,0,0,1,0,0,1,1,0,1,0,0,0,0,0,1,1,5,1,4,2,1,1,3,3,2,3,4,2,3,4,5,3,4,5,5,4,4,4,4,2,5,2
400,non-sample,1,70,51,8,NA,1,NA,NA,1,1,1,NA,NA,1,1,NA,1,1,1,NA,1,1,9,2,1,2,1,3,0,0,0,1,0,1,0,0,0,0,1,0,1,2,0,0,0,0,0,0,0,1,0,6,1,4,4,4,4,1,4,4,1,4,4,1,2,1,3,1,1,1,1,1,1,1,3,1,1
403,non-sample,1,70,51,8,NA,1,NA,NA,1,NA,1,NA,NA,1,1,NA,NA,NA,NA,NA,1,1,5,2,1,2,1,2,0,0,0,1,0,1,0,1,0,1,0,1,1,2,0,0,0,0,0,0,0,1,0,5,1,1,4,1,1,1,1,1,2,1,2,2,5,5,5,5,5,3,5,5,5,4,3,5,3
405,non-sample,1,68,53,8,1,1,NA,NA,1,1,1,1,NA,1,1,NA,NA,1,NA,NA,1,1,8,2,1,2,1,3,0,0,0,1,0,1,0,0,0,1,0,0,1,2,0,0,0,0,0,0,0,1,0,5,1,2,1,1,1,2,1,2,3,3,4,3,3,4,3,4,4,5,3,5,4,4,2,5,3
407,non-sample,1,67,54,8,NA,1,NA,NA,1,1,1,NA,NA,1,1,NA,NA,1,1,NA,NA,NA,6,2,1,2,1,2,0,0,1,1,0,1,0,0,0,0,1,0,1,2,0,0,0,0,0,0,0,1,0,5,1,2,4,2,1,2,1,3,2,2,3,3,2,2,1,1,1,2,2,2,1,3,2,2,1
409,non-sample,1,65,56,9,1,1,1,1,1,1,1,1,1,1,1,NA,NA,1,1,NA,1,1,10,1,1,1,1,3,0,1,0,1,0,1,0,0,0,1,0,0,1,1,0,1,0,0,1,0,0,1,0,5,1,2,1,1,2,2,3,3,4,1,3,3,4,3,2,4,3,3,2,2,4,3,3,3,2
410,non-sample,1,64,57,9,NA,1,NA,NA,1,NA,1,NA,NA,1,1,NA,NA,NA,NA,NA,NA,NA,3,2,1,2,1,3,0,0,1,1,0,1,0,0,0,1,0,0,1,2,0,0,0,0,0,0,0,1,0,7,1,4,4,1,1,2,4,4,3,3,4,4,4,5,5,2,5,4,3,5,5,3,5,5,2
412,non-sample,1,63,58,9,NA,1,1,NA,1,1,1,1,NA,1,1,1,1,1,1,1,1,NA,11,2,1,2,1,3,0,0,1,1,0,1,0,0,1,1,0,0,1,2,0,0,0,0,0,0,1,0,1,5,1,4,4,1,1,1,4,1,1,2,4,4,5,5,3,4,5,5,5,5,5,5,1,5,3
413,non-sample,1,63,58,9,1,1,NA,1,1,1,1,1,1,1,1,NA,1,1,1,1,1,1,12,2,1,1,1,3,0,1,1,1,0,1,0,0,0,1,0,0,1,1,0,1,0,0,1,0,0,1,0,5,1,2,4,2,3,2,2,1,3,1,4,3,4,3,4,4,5,4,4,5,4,3,3,4,2
414,non-sample,1,62,59,9,NA,1,1,NA,1,1,1,1,NA,1,1,NA,1,1,1,1,1,1,11,2,1,2,1,2,0,0,0,0,0,1,0,0,1,1,1,1,1,2,0,1,0,0,0,0,0,1,0,7,1,2,3,2,2,2,1,2,3,3,3,3,4,4,3,3,4,2,4,3,5,4,3,3,2
415,non-sample,2,62,59,9,1,1,1,1,1,1,1,1,1,1,1,NA,1,1,NA,NA,NA,1,9,1,1,1,1,3,0,1,0,1,0,1,0,0,0,1,0,0,1,1,0,1,0,0,0,0,0,1,0,5,1,1,1,1,1,1,1,1,1,1,1,4,3,3,5,5,5,1,3,3,1,2,1,4,3
417,non-sample,2,60,61,10,1,1,NA,NA,1,1,1,1,NA,1,1,NA,NA,1,NA,NA,NA,NA,6,1,1,2,1,2,0,0,0,0,0,1,0,0,1,1,0,0,1,2,0,1,0,0,0,0,0,1,0,4,1,3,4,1,1,1,4,2,1,4,3,4,5,4,4,1,5,1,2,4,4,3,1,4,1
418,non-sample,1,60,61,10,NA,1,NA,1,1,1,1,1,1,1,1,1,NA,NA,1,1,1,1,11,2,1,1,1,3,0,0,1,1,0,1,0,0,0,0,1,0,1,2,0,0,0,0,0,0,0,1,0,6,1,3,2,4,2,3,2,2,3,1,3,3,3,4,5,2,5,4,4,4,3,4,2,3,2
423,non-sample,1,57,64,10,NA,1,1,1,1,NA,1,1,1,1,1,NA,1,1,1,NA,NA,1,9,2,1,1,1,3,0,1,0,1,0,1,0,0,0,1,0,0,1,1,0,0,0,0,0,1,0,0,0,5,1,3,4,2,3,2,4,2,4,4,3,2,3,5,2,4,4,4,4,4,2,2,1,2,1
428,non-sample,1,98,23,2,1,1,1,1,1,1,1,1,1,1,1,1,1,1,1,1,1,1,13,1,1,1,1,3,0,1,0,1,0,1,0,0,0,0,0,0,1,1,0,0,0,0,0,0,0,1,0,6,1,2,4,2,3,2,1,3,1,1,4,4,3,5,4,1,4,4,4,5,3,4,2,5,2
432,non-sample,1,97,24,2,1,1,1,1,1,1,1,1,1,1,1,NA,1,1,1,1,1,1,12,1,1,1,1,3,0,1,1,1,0,1,0,0,0,1,0,0,1,1,0,0,0,0,0,0,0,1,0,5,1,2,2,2,3,1,1,1,2,1,1,2,3,4,5,2,4,4,4,4,4,5,3,5,3
434,non-sample,1,97,24,2,1,1,1,1,1,1,1,1,1,1,1,1,NA,NA,1,NA,1,1,10,1,1,1,1,3,0,1,0,1,0,1,0,0,0,1,0,0,1,1,1,0,0,0,0,0,0,0,0,NA,2,3,4,1,4,4,1,1,1,1,1,4,2,3,5,3,5,4,4,3,2,2,1,1,1
436,non-sample,1,96,25,3,NA,1,NA,NA,1,1,1,NA,NA,1,1,1,NA,NA,1,NA,NA,1,7,2,1,2,1,3,0,1,0,1,0,1,0,1,0,1,0,0,1,1,1,0,0,0,0,0,0,0,0,NA,2,4,4,1,3,3,3,3,3,4,2,2,3,5,5,2,4,3,2,4,2,2,1,2,1
440,non-sample,2,95,26,3,1,1,NA,NA,1,1,1,NA,NA,1,1,NA,NA,NA,1,NA,NA,NA,5,2,1,2,1,3,0,0,1,1,0,1,0,0,0,0,0,0,1,2,0,0,0,0,0,0,1,0,0,5,1,3,3,1,2,1,1,1,4,2,3,3,4,4,5,4,5,3,5,4,5,5,3,4,3
445,non-sample,1,93,28,3,NA,1,NA,1,1,1,1,1,1,1,1,NA,NA,1,1,1,1,1,11,2,1,1,1,3,0,0,0,1,0,1,0,0,0,0,0,0,1,2,0,0,0,0,0,0,0,1,0,3,1,2,4,2,3,2,3,1,1,3,3,4,3,4,4,3,5,1,4,4,5,5,1,3,2
446,non-sample,1,93,28,3,1,1,NA,NA,1,1,1,NA,NA,1,1,NA,1,1,1,NA,1,1,9,2,1,2,1,3,0,1,0,1,0,1,0,0,0,1,0,1,1,1,0,0,0,0,0,0,0,1,0,6,1,3,4,2,3,3,2,3,1,2,2,3,4,5,5,4,5,2,4,4,5,5,1,4,2
448,non-sample,1,92,29,3,1,1,NA,NA,1,1,1,1,1,1,1,NA,1,1,1,1,1,1,12,1,1,2,1,2,0,0,1,1,0,1,0,0,1,0,0,0,1,2,0,0,0,0,0,0,0,1,0,3,1,3,3,1,2,2,3,2,3,4,4,4,4,5,5,4,5,3,5,5,4,5,1,5,2
449,non-sample,1,92,29,3,1,1,NA,NA,1,1,1,NA,NA,1,1,NA,NA,NA,NA,NA,NA,NA,4,1,1,2,1,3,0,1,0,0,0,1,0,0,0,1,0,0,1,1,0,0,0,0,0,0,0,1,0,7,1,2,1,2,1,4,3,2,1,1,3,1,2,3,1,2,2,5,2,3,1,3,1,1,1
452,non-sample,2,91,30,4,1,1,1,1,1,1,1,1,1,1,1,1,NA,1,1,1,NA,1,11,1,1,1,1,3,0,0,1,1,0,1,0,1,0,1,0,0,1,2,0,0,0,0,0,0,0,1,0,6,1,3,4,1,2,2,1,1,1,2,4,4,5,3,2,4,5,2,5,5,3,5,3,3,3
453,non-sample,2,91,30,4,1,1,NA,NA,1,1,1,1,NA,1,1,NA,NA,NA,NA,NA,NA,NA,5,2,1,2,1,3,0,0,0,0,0,1,0,0,0,1,0,0,1,2,0,0,0,0,0,0,1,0,0,7,1,3,4,1,4,3,3,1,4,1,4,2,3,4,5,3,4,2,4,2,3,4,4,3,1
454,non-sample,2,91,30,4,NA,1,NA,NA,1,NA,1,NA,NA,1,1,NA,NA,NA,NA,NA,NA,NA,3,2,1,2,1,1,0,1,0,0,0,0,0,0,0,0,1,0,1,1,0,0,0,0,0,1,0,0,0,3,1,2,4,4,3,4,3,3,3,2,1,2,2,1,4,1,3,2,1,1,4,4,4,1,1
455,non-sample,1,91,30,4,NA,1,NA,NA,1,NA,1,NA,NA,1,1,NA,NA,NA,1,NA,NA,NA,4,2,1,2,1,3,0,0,1,1,0,1,0,0,0,1,0,0,1,2,0,0,0,0,0,0,0,1,0,6,1,2,3,2,3,4,3,3,1,2,3,2,3,4,4,5,4,2,4,2,1,1,3,2,1
459,non-sample,1,91,30,4,1,1,NA,NA,1,1,1,1,NA,1,1,NA,NA,NA,NA,NA,NA,1,6,2,1,2,1,3,0,1,0,1,0,1,0,0,0,0,1,1,1,1,0,0,0,0,0,1,0,1,0,6,1,2,4,1,2,4,4,1,4,4,2,4,2,5,5,4,5,2,5,5,5,5,4,2,1
462,non-sample,1,90,31,4,1,1,1,1,1,1,1,1,1,1,1,1,NA,1,1,NA,1,NA,10,2,1,1,1,2,0,1,0,1,0,1,0,0,0,1,0,0,1,1,0,0,0,0,0,0,0,1,1,4,1,1,2,1,1,1,1,1,1,1,2,1,5,3,5,5,5,3,4,2,3,4,2,5,3
463,non-sample,1,90,31,4,1,1,NA,NA,1,1,1,1,NA,1,1,NA,NA,1,1,1,NA,1,9,1,1,2,1,3,0,1,0,0,0,1,0,0,0,0,0,0,1,1,0,1,1,0,1,0,0,1,0,5,1,3,4,1,3,2,2,2,1,2,4,4,5,5,5,3,5,1,3,5,2,2,3,5,2
464,non-sample,1,90,31,4,1,1,1,NA,1,1,1,1,1,1,1,1,1,1,1,1,1,1,13,1,1,2,1,3,0,1,0,1,0,1,0,1,1,1,0,0,1,1,0,0,0,0,1,0,0,1,0,6,1,4,4,4,4,4,4,4,4,4,4,4,5,5,5,5,5,3,5,5,5,5,3,5,2
469,non-sample,1,89,32,4,1,1,NA,NA,1,1,1,1,NA,1,1,NA,NA,1,1,NA,1,1,9,1,1,2,1,3,0,0,1,1,0,1,0,0,0,0,0,0,1,2,0,0,0,0,0,0,0,1,0,6,1,3,4,2,4,2,4,3,1,1,2,3,4,5,5,3,5,1,3,4,4,4,2,3,2
470,non-sample,1,89,32,4,NA,1,NA,NA,1,1,1,NA,NA,1,1,NA,NA,NA,NA,NA,NA,NA,4,2,1,2,1,2,0,1,0,0,0,1,0,0,0,1,0,0,1,1,0,0,0,0,0,0,0,1,0,4,1,3,3,2,3,3,3,2,3,2,3,3,3,3,3,2,3,4,4,2,2,2,2,4,2
471,non-sample,2,89,32,4,1,1,NA,NA,1,1,1,1,NA,1,1,NA,NA,1,1,1,NA,NA,8,1,1,2,1,1,0,0,1,0,0,0,0,0,0,1,0,0,1,2,0,0,0,0,0,1,0,0,0,5,1,2,4,1,3,3,3,2,2,3,4,1,4,3,4,3,4,5,4,1,1,2,3,3,1
472,non-sample,1,89,32,4,NA,1,1,NA,1,1,1,1,NA,1,1,1,NA,1,1,NA,1,NA,9,2,1,2,1,3,0,0,0,1,0,1,0,0,0,1,0,0,1,2,0,0,0,0,0,1,0,0,0,5,1,3,3,2,2,2,2,2,2,3,3,3,2,3,4,2,3,4,4,3,2,2,1,3,2
473,non-sample,1,89,32,4,NA,1,1,NA,1,1,1,1,NA,1,1,NA,1,1,NA,1,1,1,10,2,1,2,1,3,0,0,0,1,0,0,0,0,0,1,0,0,1,2,0,0,0,0,0,0,0,1,0,5,1,3,1,1,2,3,2,2,3,3,4,2,4,5,4,2,4,3,4,4,2,3,1,5,2
478,non-sample,2,88,33,4,1,1,1,1,1,1,1,1,1,1,1,NA,1,1,1,NA,1,NA,10,1,1,1,1,3,0,1,0,1,0,1,0,0,0,0,0,1,1,1,0,1,0,0,0,0,0,1,1,4,1,3,3,1,3,4,1,2,3,2,3,4,3,4,5,3,5,4,3,4,5,5,3,4,2
480,non-sample,1,88,33,4,1,1,NA,1,1,1,1,1,1,1,1,NA,NA,NA,NA,1,1,NA,8,1,1,1,1,2,0,0,1,1,1,1,0,0,0,0,1,1,1,2,0,0,0,0,0,0,0,1,0,7,1,1,3,1,1,1,2,1,4,3,4,4,5,3,5,5,5,4,5,5,2,3,4,5,3
483,non-sample,1,87,34,4,1,1,NA,NA,1,1,1,1,NA,1,1,NA,NA,1,NA,NA,NA,NA,6,1,1,2,1,2,0,1,0,1,0,1,0,0,0,1,0,1,1,1,0,0,0,0,0,0,0,1,0,6,1,2,1,1,1,1,2,2,3,3,2,2,4,4,4,4,4,2,4,4,1,3,2,2,2
484,non-sample,2,87,34,4,1,1,1,1,1,1,1,1,1,1,1,NA,NA,NA,1,NA,NA,1,8,1,1,1,1,3,0,1,0,1,0,1,0,0,0,0,0,1,1,1,0,0,0,0,0,0,0,1,0,4,1,4,3,3,1,4,4,3,3,4,4,4,5,4,4,5,4,5,4,4,4,4,1,4,2
485,non-sample,1,87,34,4,NA,1,NA,NA,1,NA,1,NA,NA,1,1,NA,NA,1,NA,NA,NA,NA,4,2,1,2,1,3,0,0,0,0,0,0,1,0,0,1,0,0,1,2,0,0,0,0,0,0,1,1,0,5,1,4,4,3,3,3,3,4,2,2,3,2,3,4,4,3,4,3,4,4,1,3,3,5,2
486,non-sample,1,87,34,4,1,1,NA,NA,1,1,1,NA,NA,1,1,NA,NA,NA,NA,NA,NA,NA,4,1,1,2,1,3,0,0,1,1,0,1,0,0,0,1,0,0,1,2,0,1,1,0,0,0,0,1,0,5,1,3,4,1,2,2,4,4,2,2,4,4,4,5,4,3,5,2,4,5,5,4,1,5,2
487,non-sample,1,87,34,4,NA,1,NA,NA,1,NA,1,1,NA,1,1,NA,NA,1,1,NA,NA,NA,6,2,1,2,1,1,0,0,0,1,0,1,0,0,0,0,0,0,1,2,0,1,0,0,0,0,0,1,0,6,1,2,4,2,3,3,2,2,2,4,2,3,2,4,4,4,5,2,2,4,3,2,4,1,1
491,non-sample,1,87,34,4,1,1,NA,NA,1,1,1,NA,NA,1,1,NA,NA,1,NA,NA,1,NA,6,1,1,2,1,2,0,0,1,0,1,1,0,0,0,1,0,0,1,2,0,0,0,0,0,0,0,1,0,5,1,1,4,2,4,1,4,2,3,2,1,2,2,5,4,3,5,3,2,5,5,4,3,3,1
492,non-sample,1,87,34,4,1,1,1,1,1,1,1,1,1,1,1,NA,1,1,1,NA,1,NA,10,1,1,1,1,3,0,1,1,1,0,1,0,0,0,0,0,0,1,1,0,1,0,0,0,0,0,1,0,5,1,4,3,1,1,4,1,2,4,4,4,2,4,4,4,5,5,3,3,4,4,4,3,3,2
497,non-sample,1,86,35,5,NA,1,NA,NA,1,NA,1,1,NA,1,1,1,1,1,1,1,1,1,11,2,1,2,1,3,0,0,0,1,0,1,1,0,0,1,0,0,1,2,0,0,0,0,0,0,1,1,0,3,1,1,4,2,3,2,1,2,3,2,3,2,3,4,4,2,4,3,1,3,3,3,1,5,2
499,non-sample,1,86,35,5,1,1,NA,NA,1,1,1,1,1,1,1,1,NA,1,1,1,1,1,12,2,1,2,1,3,0,0,0,1,0,0,0,0,0,1,0,0,1,2,0,0,0,0,0,0,0,1,0,4,1,2,4,1,4,4,4,1,3,2,3,2,2,4,4,2,5,1,4,5,4,3,3,1,1
505,non-sample,1,86,35,5,1,1,NA,1,1,1,1,1,1,1,1,NA,1,1,1,1,1,1,12,1,1,1,1,3,0,0,1,0,0,0,0,0,0,1,0,0,1,2,0,0,0,0,0,1,0,1,0,4,1,3,3,1,2,1,1,1,1,2,1,2,5,4,5,5,5,4,5,5,5,5,3,4,3
508,non-sample,1,85,36,5,1,1,1,1,1,1,1,1,1,1,1,NA,NA,1,1,NA,1,1,10,1,1,1,1,3,0,0,1,1,0,1,0,0,0,1,0,0,1,2,0,0,1,0,0,0,0,1,0,5,1,2,4,1,2,1,4,1,1,2,4,4,3,4,3,4,4,3,4,4,5,5,2,4,2
509,non-sample,1,85,36,5,1,1,1,1,1,1,1,1,1,1,1,1,1,1,1,1,1,1,13,1,1,1,1,3,0,1,0,1,0,1,0,0,0,1,0,1,1,1,0,1,0,0,0,0,0,1,0,5,1,4,4,1,2,1,1,1,1,3,3,3,4,5,4,5,5,5,4,5,5,4,3,4,3
511,non-sample,1,85,36,5,1,1,NA,NA,1,1,1,1,NA,1,1,NA,NA,NA,1,NA,NA,NA,6,2,1,2,1,3,0,0,1,1,0,1,0,0,0,1,0,0,1,2,0,0,0,0,0,0,0,1,0,5,1,2,3,1,3,3,2,3,3,2,2,3,2,4,4,3,4,4,3,4,4,4,1,3,2
513,non-sample,1,85,36,5,1,1,NA,NA,1,1,1,1,NA,1,1,NA,NA,NA,1,NA,1,1,8,1,1,2,1,3,0,0,1,1,0,1,0,0,0,1,0,1,1,2,0,0,0,0,0,0,0,1,0,4,1,2,3,2,3,3,1,1,1,2,3,3,1,4,3,1,3,3,2,4,4,4,2,4,2
514,non-sample,1,85,36,5,1,1,1,NA,1,1,1,1,NA,1,1,NA,NA,1,1,NA,NA,1,8,2,1,2,1,3,0,1,0,0,1,1,0,0,0,1,0,0,1,1,1,0,0,0,0,0,0,0,0,NA,2,3,4,1,2,2,2,1,2,2,4,4,4,5,5,4,5,4,4,3,2,4,5,4,2
518,non-sample,1,84,37,5,NA,1,NA,NA,1,NA,1,NA,NA,1,1,NA,1,1,NA,1,NA,NA,6,2,1,2,1,3,0,0,0,1,0,1,1,0,0,1,0,0,1,2,0,0,0,0,0,0,0,1,0,3,1,4,4,2,2,1,3,3,1,3,4,4,3,4,3,2,4,4,4,5,4,1,3,5,2
519,non-sample,1,84,37,5,NA,1,1,NA,1,1,1,1,NA,1,1,NA,NA,NA,1,NA,NA,NA,6,2,1,2,1,2,0,1,0,0,0,0,0,0,0,1,0,0,1,1,1,0,0,0,0,0,0,0,0,NA,2,2,4,1,2,1,3,2,3,3,3,4,4,5,5,3,5,4,4,4,3,1,1,4,2
520,non-sample,1,84,37,5,NA,1,NA,NA,1,1,1,1,NA,1,1,NA,NA,1,1,1,NA,NA,8,2,1,2,1,3,0,0,1,1,0,1,0,0,0,1,0,0,1,2,0,0,0,0,0,0,1,0,0,4,1,3,4,1,3,2,4,2,3,3,2,3,3,4,4,4,5,3,3,4,5,5,2,4,2
526,non-sample,1,83,38,5,1,1,NA,1,1,1,1,1,1,1,1,NA,NA,NA,NA,NA,NA,1,7,1,1,1,1,2,0,1,1,1,1,1,0,0,1,1,0,0,1,1,0,0,1,0,1,1,0,0,0,5,1,1,2,1,2,3,1,1,2,1,4,2,5,2,5,4,5,2,5,4,4,5,3,2,3
527,non-sample,1,83,38,5,1,1,1,NA,1,1,1,1,1,1,1,NA,NA,NA,NA,NA,1,NA,7,1,1,2,1,3,0,1,0,0,0,0,0,0,0,0,0,0,1,1,0,0,0,0,0,0,0,1,0,5,1,4,4,1,4,4,1,1,1,1,4,1,2,2,2,3,3,4,2,2,1,3,1,1,1
528,non-sample,1,83,38,5,NA,1,NA,NA,1,1,1,1,NA,1,1,1,NA,NA,1,NA,NA,NA,7,2,1,2,1,3,0,0,0,1,0,1,0,0,0,1,0,1,1,2,0,0,0,0,0,0,0,1,0,7,1,2,3,2,3,3,2,1,1,4,3,3,3,3,4,3,4,3,3,3,1,1,3,1,1
529,non-sample,1,83,38,5,1,1,1,1,1,1,1,1,1,1,1,1,1,1,1,1,1,1,13,1,1,1,1,3,0,1,1,1,0,1,0,0,0,1,0,0,1,1,0,1,0,0,0,0,0,1,0,6,1,2,4,1,2,2,4,2,3,2,4,4,4,5,5,5,5,3,4,5,5,5,3,5,2
530,non-sample,1,83,38,5,1,1,NA,NA,1,1,1,1,NA,1,1,NA,1,1,1,NA,1,1,10,2,1,2,1,2,0,0,1,0,0,0,0,0,0,1,0,0,1,2,0,1,1,0,0,0,0,1,0,6,1,3,4,1,4,4,4,1,4,1,4,3,1,4,5,3,4,4,3,4,5,5,4,5,1
531,non-sample,2,83,38,5,1,1,1,1,1,1,1,1,1,1,1,1,NA,1,1,1,NA,1,11,1,1,1,1,2,0,0,1,0,0,1,0,0,0,0,0,0,1,2,0,0,0,0,0,0,0,1,0,5,1,2,3,1,3,3,1,1,3,2,3,3,4,4,3,3,4,3,4,3,4,3,1,2,2
538,non-sample,1,82,39,5,1,1,1,1,1,1,1,1,1,1,1,NA,1,NA,NA,NA,NA,1,8,1,1,1,1,3,0,1,0,1,0,1,0,0,0,1,0,1,1,1,0,0,0,0,0,0,0,1,0,4,1,2,4,1,2,1,4,1,2,4,4,4,2,5,5,5,5,4,5,5,5,5,3,5,3
541,non-sample,1,82,39,5,1,1,NA,NA,1,1,1,NA,NA,1,1,NA,NA,1,1,NA,NA,NA,6,2,1,2,1,3,0,0,1,1,0,1,0,1,0,1,0,0,1,2,0,0,0,0,0,0,0,1,0,5,1,2,2,3,3,1,1,2,3,2,2,3,2,4,4,3,5,3,2,4,3,5,1,5,2
561,non-sample,1,81,40,6,NA,1,NA,NA,1,1,1,1,NA,1,1,NA,1,1,1,1,1,1,11,2,1,2,1,2,0,1,0,1,0,1,0,0,0,0,0,0,1,1,0,1,0,0,0,0,0,1,0,4,1,1,4,2,3,4,2,1,2,3,1,3,1,2,3,1,4,1,2,2,3,3,2,2,1
562,non-sample,1,81,40,6,NA,1,NA,NA,1,1,1,NA,NA,NA,1,NA,NA,1,NA,NA,NA,1,5,2,1,2,1,3,0,0,0,1,0,1,0,0,0,0,0,0,1,2,0,0,0,0,0,0,1,0,0,5,1,2,4,1,2,1,2,2,3,2,3,2,5,4,4,5,5,3,4,3,4,4,4,3,2
563,non-sample,1,81,40,6,NA,1,NA,NA,1,NA,1,NA,NA,1,1,1,NA,1,1,NA,NA,NA,6,2,1,2,1,3,0,0,0,1,0,0,0,0,0,0,0,0,1,2,0,1,0,0,0,0,0,1,0,4,1,2,3,2,1,3,2,2,2,2,2,2,3,5,5,2,4,3,3,3,1,1,1,1,1
564,non-sample,1,81,40,6,1,1,NA,NA,1,1,1,NA,NA,1,1,NA,NA,NA,NA,NA,NA,1,5,2,1,2,1,3,0,1,0,1,0,1,0,0,0,0,1,0,1,1,0,1,0,0,0,0,0,1,0,6,1,3,4,1,4,1,3,3,1,3,4,4,3,5,5,5,5,4,4,5,1,1,3,4,3
565,non-sample,1,81,40,6,NA,1,1,NA,1,1,1,1,NA,1,1,NA,NA,1,1,NA,1,NA,8,2,1,2,1,3,0,0,1,1,0,1,0,0,0,0,0,1,1,2,0,0,0,0,0,0,0,1,0,5,1,1,4,1,4,4,4,2,1,1,4,4,4,5,2,4,5,5,4,5,1,2,2,5,3
570,non-sample,1,81,40,6,1,1,NA,NA,1,1,1,1,NA,1,1,NA,NA,NA,1,NA,1,1,8,2,1,2,1,3,0,1,0,1,0,1,0,0,0,0,1,1,1,1,0,0,0,0,0,0,0,1,0,5,1,3,3,1,3,3,2,2,1,3,4,2,4,3,3,2,4,3,3,4,3,3,2,2,2
572,non-sample,1,81,40,6,1,1,1,NA,1,1,1,1,1,1,1,1,NA,NA,1,1,1,1,11,2,1,2,1,2,0,0,1,0,0,0,1,0,1,1,0,1,1,2,0,0,0,0,0,0,0,1,0,3,1,2,4,1,3,3,3,1,2,2,4,2,4,4,5,3,3,4,4,4,5,3,3,3,2
573,non-sample,1,81,40,6,1,1,1,NA,1,1,1,1,1,1,1,1,NA,1,1,1,1,1,12,1,1,2,1,2,0,0,0,1,0,1,0,0,0,0,1,1,1,2,0,1,1,0,1,0,0,1,0,6,1,2,4,1,3,3,1,1,2,1,3,3,4,4,5,2,4,3,1,2,1,1,2,2,1
582,non-sample,1,80,41,6,1,1,1,NA,1,1,1,1,NA,1,1,1,1,1,1,1,1,1,12,1,1,2,1,3,0,1,1,1,0,1,0,0,1,1,0,0,1,1,0,1,0,0,0,1,0,1,0,6,1,4,4,4,2,3,4,4,4,4,3,3,1,1,1,2,3,2,3,1,2,2,4,4,1
583,non-sample,1,80,41,6,NA,1,NA,NA,1,NA,1,1,NA,1,1,NA,NA,1,1,NA,NA,1,7,2,1,2,1,3,0,0,0,1,0,0,0,0,0,1,0,0,1,2,0,0,0,0,0,0,0,1,0,4,1,3,4,2,3,4,3,1,2,4,2,3,3,3,3,3,5,5,3,4,2,5,2,4,1
585,non-sample,2,80,41,6,NA,1,NA,NA,1,NA,1,NA,NA,1,1,NA,1,NA,NA,1,1,NA,6,2,1,2,1,2,0,0,0,1,0,1,0,0,0,0,1,0,1,2,0,0,0,0,0,0,0,1,0,3,1,4,4,3,4,4,4,3,3,4,3,3,3,4,4,3,4,2,3,4,5,4,3,3,1
586,non-sample,1,80,41,6,NA,1,1,NA,1,NA,1,1,NA,1,1,NA,1,1,1,1,NA,NA,8,2,1,2,1,2,0,0,1,1,0,1,0,0,0,1,0,1,1,2,0,0,0,0,0,0,0,1,0,5,1,2,3,1,3,3,3,3,2,2,2,3,3,4,4,3,4,4,3,4,3,4,2,3,2
590,non-sample,1,80,41,6,1,1,1,1,1,1,1,1,1,1,1,NA,NA,1,NA,NA,1,1,9,1,1,1,1,3,0,0,0,1,0,0,0,0,0,1,0,0,1,2,0,1,1,0,0,0,1,0,0,5,1,3,4,2,2,2,3,2,3,2,4,3,3,3,4,4,4,1,3,2,2,4,2,3,2
591,non-sample,1,80,41,6,NA,1,NA,NA,1,1,1,1,NA,1,1,1,NA,NA,NA,NA,NA,NA,6,2,1,2,1,3,0,0,1,1,0,1,0,0,0,1,0,0,1,2,0,0,0,0,0,0,0,1,0,5,1,4,4,2,2,2,3,3,3,4,4,4,5,5,3,5,5,3,5,5,4,3,3,4,2
593,non-sample,1,80,41,6,1,1,NA,NA,1,1,1,1,NA,1,1,NA,1,NA,NA,1,1,1,9,2,1,2,1,3,0,0,1,0,0,1,0,0,0,1,0,1,1,2,0,0,0,0,0,0,0,1,0,6,1,2,3,3,3,2,3,2,3,2,2,2,3,4,4,5,4,3,3,2,3,4,5,4,2
594,non-sample,1,80,41,6,1,1,NA,NA,1,1,1,1,1,1,1,NA,NA,1,1,1,1,1,11,2,1,2,1,2,0,0,0,1,0,0,0,0,0,1,0,0,1,2,0,0,0,0,0,0,0,1,0,4,1,3,3,2,3,3,3,2,2,2,3,3,4,3,4,3,4,4,4,3,4,4,2,3,2
608,non-sample,1,79,42,6,NA,1,1,1,1,NA,1,1,1,1,1,NA,1,1,1,1,1,1,11,2,1,1,1,3,0,0,1,1,0,0,0,0,0,1,0,1,1,2,0,0,0,0,0,0,0,1,0,5,1,4,4,1,3,2,4,2,4,4,2,2,2,5,5,2,4,5,3,4,5,3,5,5,1
609,non-sample,1,79,42,6,NA,1,NA,NA,1,1,1,NA,NA,1,1,NA,NA,1,NA,1,NA,NA,6,2,1,2,1,2,0,0,1,1,0,1,0,0,0,0,0,0,1,2,0,0,0,0,0,0,0,1,0,3,1,2,2,2,3,4,1,2,2,2,3,2,2,4,4,1,5,4,2,2,1,3,1,2,1
610,non-sample,1,79,42,6,NA,1,NA,NA,1,1,1,1,NA,1,1,NA,NA,1,NA,NA,NA,NA,6,2,1,2,1,2,0,0,1,1,0,1,0,0,0,1,0,0,1,2,0,0,0,0,0,0,0,1,0,5,1,1,2,1,2,2,1,2,2,1,3,3,5,5,5,5,5,4,4,4,5,4,1,3,3
611,non-sample,1,79,42,6,1,1,NA,NA,1,1,1,NA,NA,1,1,NA,NA,NA,NA,NA,1,NA,5,1,1,2,1,3,0,1,1,0,0,1,0,0,0,1,0,0,1,1,1,0,0,0,0,0,0,0,0,NA,2,3,4,1,2,2,4,2,1,2,4,4,4,5,5,3,5,4,5,4,1,4,5,3,2
612,non-sample,1,79,42,6,NA,1,NA,NA,1,1,1,1,1,1,1,NA,NA,1,1,NA,NA,1,9,2,1,2,1,3,0,1,0,1,0,1,0,0,0,1,0,1,1,1,0,0,0,0,1,0,0,1,0,6,1,1,3,1,2,1,2,2,2,1,4,4,4,5,4,5,5,4,4,4,3,3,3,3,2
614,non-sample,1,79,42,6,1,1,1,1,1,1,1,1,1,1,1,NA,1,1,1,1,NA,1,11,1,1,1,1,3,0,1,0,1,0,0,0,0,0,0,0,1,1,1,0,1,0,0,0,0,0,1,0,4,1,4,3,1,2,1,2,3,2,4,4,4,3,5,4,5,5,3,3,4,2,2,3,4,2
619,non-sample,2,79,42,6,1,1,NA,NA,1,1,1,NA,1,1,1,NA,NA,1,1,NA,1,NA,8,2,1,2,1,3,0,1,0,1,0,0,0,0,0,1,0,0,1,1,1,0,0,0,0,0,0,0,0,NA,2,3,4,1,3,4,1,2,1,1,3,2,4,4,4,5,5,4,2,2,2,3,1,2,1
620,non-sample,2,79,42,6,NA,1,NA,NA,1,1,1,NA,NA,1,1,NA,1,1,1,1,NA,1,9,2,1,2,1,3,1,0,0,0,0,0,0,0,0,0,0,0,2,2,0,0,0,0,0,0,0,1,0,5,1,4,4,1,1,4,4,4,4,1,4,4,3,5,5,2,3,4,3,3,2,4,1,5,1
624,non-sample,2,78,43,6,1,1,1,NA,1,1,1,1,NA,1,1,NA,1,1,1,1,NA,1,10,1,1,2,1,2,0,0,1,0,0,0,0,0,0,0,0,0,1,2,0,0,0,0,0,0,0,1,0,5,1,2,3,3,3,3,2,1,3,3,3,3,3,4,4,4,4,1,3,2,2,2,3,4,2
625,non-sample,1,78,43,6,NA,1,NA,NA,1,1,1,NA,NA,1,1,NA,NA,1,1,NA,NA,NA,6,2,1,2,1,3,0,0,0,1,0,1,0,0,0,1,0,1,1,2,0,0,0,0,0,0,0,0,1,5,1,3,3,1,3,2,3,1,1,3,3,4,4,5,5,5,5,5,4,4,1,1,1,4,3
626,non-sample,1,78,43,6,1,1,NA,NA,1,1,1,1,NA,1,1,NA,1,1,1,NA,NA,1,9,1,1,2,1,3,0,1,0,1,0,1,0,0,0,1,0,0,1,1,0,0,0,0,0,0,0,1,0,6,1,2,4,1,3,3,4,3,3,1,3,4,3,4,4,3,4,4,4,3,3,3,3,5,2
627,non-sample,1,78,43,6,1,1,NA,NA,1,1,1,1,1,1,1,1,1,1,1,NA,1,1,12,1,1,2,1,3,0,0,1,0,0,1,0,0,0,1,0,0,1,2,0,1,0,0,0,0,0,1,0,5,1,2,3,1,3,3,4,1,3,2,3,3,2,3,4,2,5,3,2,4,1,2,2,2,1
632,non-sample,1,77,44,6,1,1,1,1,1,1,1,1,1,NA,1,NA,1,NA,1,1,1,1,10,1,1,1,1,3,0,1,0,1,0,1,1,0,0,1,0,0,1,1,0,0,1,0,0,0,0,1,0,4,1,1,4,1,1,1,1,1,3,3,3,1,5,5,4,5,5,2,5,5,5,5,2,4,3
633,non-sample,1,77,44,6,NA,1,NA,NA,1,NA,1,NA,NA,1,1,NA,NA,1,NA,NA,NA,NA,4,2,1,2,1,3,0,0,0,1,0,1,0,0,0,0,1,0,1,2,0,0,0,0,0,0,0,1,0,6,1,2,4,1,2,4,4,3,2,4,4,4,3,5,5,4,5,1,4,4,1,3,2,3,2
634,non-sample,1,77,44,6,1,1,NA,NA,1,1,1,NA,NA,1,1,NA,NA,NA,NA,NA,NA,NA,4,1,1,2,1,2,0,1,0,1,0,1,0,0,0,0,1,0,1,1,0,0,0,0,0,0,0,1,0,4,1,1,4,1,2,3,4,3,3,1,4,4,1,3,4,3,4,4,1,4,4,4,2,4,1
642,non-sample,1,76,45,7,1,1,1,1,1,1,1,1,1,1,1,1,NA,1,1,1,1,1,12,1,1,1,1,2,0,0,1,0,1,0,0,0,0,0,0,0,1,2,0,0,0,0,0,0,0,0,1,5,1,3,3,2,4,4,4,3,4,1,3,4,3,4,4,2,3,4,3,4,4,3,2,5,1
643,non-sample,1,76,45,7,1,1,1,1,1,1,1,1,1,1,1,NA,NA,NA,NA,NA,NA,NA,6,1,1,1,1,3,0,1,0,1,0,1,0,0,0,0,0,0,1,1,0,0,0,0,0,0,0,1,0,5,1,2,4,2,2,1,4,2,3,2,2,3,2,4,5,2,5,3,4,3,3,2,2,4,2
644,non-sample,1,76,45,7,NA,1,NA,NA,1,1,1,1,NA,1,1,NA,1,1,1,NA,1,1,10,2,1,2,1,3,0,1,0,1,0,1,0,0,0,0,1,0,1,1,0,1,0,0,0,0,0,1,0,5,1,2,4,2,2,1,3,3,3,1,2,3,3,3,4,4,4,2,5,4,4,3,3,4,2
645,non-sample,1,76,45,7,1,1,1,NA,1,1,1,1,1,1,1,NA,NA,1,1,1,NA,1,10,1,1,2,1,3,0,0,1,1,0,1,0,0,0,0,0,1,1,2,0,1,0,0,1,1,0,1,0,7,1,3,3,1,2,3,3,2,3,3,3,2,3,4,3,3,5,3,3,3,2,3,2,3,2
646,non-sample,1,76,45,7,1,1,NA,NA,1,1,1,1,1,1,1,1,NA,NA,1,NA,1,1,10,1,1,2,1,2,0,0,0,0,0,0,0,0,1,0,1,0,1,2,0,0,0,0,0,0,0,1,0,4,1,1,4,1,3,2,3,3,2,2,4,3,4,4,5,3,5,2,2,4,4,4,1,4,2
648,non-sample,2,76,45,7,NA,1,NA,NA,1,NA,1,1,NA,1,1,NA,NA,NA,1,NA,1,1,7,2,1,2,1,3,0,0,0,1,0,0,0,0,0,0,1,1,1,2,0,0,0,0,0,1,0,1,0,4,1,2,3,1,3,3,2,2,3,2,2,1,3,4,2,3,4,3,3,5,5,5,1,4,2
649,non-sample,1,76,45,7,1,1,NA,NA,1,1,1,NA,NA,1,1,NA,1,1,1,1,1,1,10,2,1,2,1,2,0,0,1,0,0,0,0,0,0,1,0,0,1,2,0,0,0,0,0,0,0,1,0,5,1,2,3,2,3,3,4,3,2,2,2,3,2,2,4,2,4,4,4,3,4,4,2,4,2
654,non-sample,1,75,46,7,NA,1,1,NA,1,NA,1,1,NA,1,1,NA,NA,1,1,1,1,NA,8,2,1,2,1,2,0,0,0,0,0,0,0,0,0,1,0,1,1,2,0,0,0,0,0,1,0,0,0,5,1,1,3,1,3,3,3,1,1,4,3,4,4,3,4,2,4,3,4,4,1,5,1,3,2
655,non-sample,1,75,46,7,1,1,1,NA,1,1,1,1,NA,1,1,1,1,NA,NA,NA,NA,1,8,2,1,2,1,3,0,0,1,1,0,1,1,0,0,1,0,0,1,2,0,1,0,0,0,0,0,1,0,5,1,3,4,2,3,2,4,3,3,4,3,3,3,4,3,4,5,4,2,4,5,5,3,4,2
656,non-sample,1,75,46,7,NA,1,NA,NA,1,NA,1,NA,NA,1,1,NA,NA,NA,1,NA,NA,1,5,2,1,2,1,2,0,0,1,0,0,0,0,0,0,1,0,1,1,2,0,1,0,0,0,1,0,0,0,6,1,1,4,1,2,2,4,2,4,2,4,3,4,4,5,2,5,2,4,3,4,5,2,3,2
657,non-sample,1,75,46,7,1,1,1,1,1,1,1,1,1,1,1,NA,1,1,1,1,1,1,12,1,1,1,1,3,0,0,1,0,0,1,0,0,0,1,0,0,1,2,0,0,0,0,0,0,0,1,0,4,1,3,4,1,3,2,2,1,3,2,4,3,4,3,2,5,5,1,4,5,4,4,3,4,2
658,non-sample,1,75,46,7,1,1,1,NA,1,1,1,1,NA,1,1,1,1,NA,1,1,1,1,11,2,1,2,1,3,0,1,1,1,0,1,0,0,0,1,0,0,1,1,0,0,0,0,0,0,0,1,0,5,1,2,3,2,3,4,4,2,1,3,3,3,4,4,2,4,5,3,4,3,5,3,3,4,2
659,non-sample,1,75,46,7,NA,1,NA,NA,1,1,1,1,NA,1,1,NA,NA,1,1,1,1,1,10,2,1,2,1,2,0,0,1,1,0,1,0,0,0,1,0,0,1,2,0,0,0,0,0,0,0,1,0,5,1,3,4,2,3,3,3,2,1,2,2,2,4,5,4,4,4,2,4,4,5,4,3,1,2
660,non-sample,1,75,46,7,1,1,1,1,1,1,1,1,1,1,1,NA,1,1,1,1,1,1,12,1,1,1,1,3,0,1,0,1,0,1,0,0,0,0,1,0,1,1,1,0,0,0,0,0,0,0,0,NA,2,3,4,1,4,4,4,1,2,2,3,4,3,4,4,4,4,3,4,4,5,5,2,4,2
662,non-sample,1,74,47,7,NA,1,1,NA,1,NA,1,1,NA,1,1,NA,NA,1,1,NA,NA,NA,6,2,1,2,1,2,0,0,1,1,0,1,0,0,0,0,1,0,1,2,0,0,0,0,0,0,1,0,0,6,1,4,4,3,4,3,4,3,4,3,3,3,4,4,4,4,4,3,2,2,2,3,3,3,1
663,non-sample,1,74,47,7,1,1,NA,NA,1,1,1,1,NA,1,1,NA,NA,1,NA,1,1,1,9,1,1,2,1,3,0,0,0,0,0,1,0,0,0,1,0,0,1,2,0,0,0,0,1,0,1,0,0,6,1,3,4,1,3,1,4,2,4,4,4,3,4,5,4,4,5,3,5,2,2,3,4,4,2
664,non-sample,1,74,47,7,1,1,1,1,1,1,1,1,1,1,1,1,NA,1,1,NA,1,1,11,1,1,1,1,3,0,0,1,0,0,0,0,0,0,0,0,0,1,2,0,0,0,1,0,0,0,0,1,5,1,4,4,3,4,4,4,4,4,3,4,3,5,5,5,3,5,5,5,2,5,1,2,5,1
666,non-sample,1,74,47,7,1,1,NA,NA,1,1,1,NA,NA,1,1,1,NA,1,1,1,NA,1,9,1,1,2,1,3,0,1,0,1,0,1,0,0,0,0,0,0,1,1,1,0,0,0,0,0,0,0,0,NA,2,1,4,1,2,4,4,1,4,4,4,2,4,3,3,3,4,4,3,5,1,4,1,5,1
667,non-sample,1,74,47,7,NA,1,NA,NA,1,NA,1,NA,NA,1,1,NA,NA,1,1,1,NA,NA,6,2,1,2,1,2,0,0,0,1,0,1,0,0,0,1,0,1,1,2,0,0,0,0,0,0,0,1,0,5,1,3,4,1,2,2,2,3,2,3,3,3,4,5,5,4,5,4,3,4,3,4,3,3,2
669,non-sample,2,73,48,7,1,1,1,NA,1,1,1,1,NA,1,1,NA,NA,1,1,NA,1,1,9,2,1,2,1,2,0,0,1,1,0,1,0,0,0,1,0,0,1,2,0,0,0,0,0,1,0,0,0,4,1,2,3,2,2,2,2,2,3,3,3,3,3,4,4,4,3,3,4,4,3,3,2,3,2
670,non-sample,1,73,48,7,1,1,NA,1,1,1,1,NA,1,1,1,NA,NA,1,1,NA,NA,1,8,1,1,1,1,3,0,0,1,1,0,1,0,0,0,1,0,0,1,2,0,1,0,0,0,0,0,1,0,5,1,3,4,1,1,3,4,3,2,3,4,4,4,4,4,3,4,2,3,3,1,1,4,3,1
671,non-sample,1,73,48,7,1,1,1,1,1,1,1,1,1,1,1,NA,NA,NA,NA,NA,NA,NA,6,1,1,1,1,2,0,1,0,1,0,1,0,0,0,1,0,0,1,1,0,0,0,0,0,0,0,1,0,5,1,3,2,3,2,4,3,3,3,3,2,3,3,4,4,5,5,4,4,4,5,4,2,4,2
672,non-sample,2,73,48,7,1,1,1,1,1,1,1,1,1,1,1,NA,NA,1,1,NA,NA,1,9,2,1,1,1,3,0,0,1,0,0,0,0,0,0,1,0,0,1,2,0,0,0,0,0,0,0,1,0,4,1,3,4,2,2,3,2,2,3,3,3,3,3,1,3,1,3,3,1,3,1,2,4,3,1
673,non-sample,1,73,48,7,NA,1,NA,1,1,1,1,NA,1,1,1,NA,NA,NA,NA,NA,NA,1,6,2,1,1,1,3,0,0,0,1,1,1,0,1,1,0,1,1,1,2,0,0,0,0,0,0,0,1,0,5,1,3,3,1,2,2,2,3,2,1,4,4,4,4,4,4,5,3,4,4,4,2,3,5,2
674,non-sample,1,73,48,7,1,1,NA,1,1,1,1,1,1,1,1,NA,NA,1,NA,1,NA,1,9,1,1,1,1,3,0,1,0,1,1,1,0,0,0,1,0,0,1,1,0,0,0,0,0,0,0,0,1,5,1,2,2,1,3,1,2,1,3,1,2,2,4,4,4,4,5,5,4,3,5,5,2,5,3
675,non-sample,1,73,48,7,NA,1,NA,NA,1,NA,1,1,NA,1,1,NA,NA,1,1,1,NA,1,8,2,1,2,1,3,0,1,1,1,0,1,0,0,0,1,0,1,1,1,0,0,0,0,0,0,0,0,1,6,1,4,4,1,3,2,4,2,1,4,4,4,2,4,1,2,5,4,2,3,1,4,1,1,1
676,non-sample,1,73,48,7,1,1,NA,NA,1,1,1,1,1,1,1,NA,NA,1,1,NA,NA,1,9,2,1,2,1,3,0,1,0,1,0,1,0,0,0,0,0,0,1,1,0,0,0,0,0,0,0,1,0,4,1,4,4,2,2,3,4,1,1,2,3,4,2,4,4,2,4,5,2,3,2,1,1,2,1
678,non-sample,2,72,49,7,NA,1,1,NA,1,NA,1,1,NA,1,1,NA,NA,NA,NA,NA,NA,NA,4,2,1,2,1,2,0,1,0,0,0,0,0,0,0,1,0,1,1,1,0,0,0,0,0,0,0,1,0,5,1,3,4,1,1,2,3,1,4,4,4,4,1,3,4,2,2,4,3,2,4,3,4,1,1
679,non-sample,2,72,49,7,NA,1,1,NA,1,NA,1,1,NA,1,1,NA,NA,NA,NA,NA,NA,1,5,2,1,2,1,3,0,1,0,1,0,1,0,0,0,0,1,1,1,1,0,0,0,0,0,0,0,1,0,5,1,3,4,2,1,4,3,2,1,3,3,2,4,4,3,3,5,4,4,4,3,3,3,2,2
680,non-sample,2,72,49,7,1,1,1,1,1,1,1,1,1,1,1,NA,NA,1,1,NA,NA,1,9,1,1,1,1,3,0,1,0,0,0,1,0,0,0,1,0,1,1,1,0,0,0,0,0,0,0,1,0,5,1,1,1,1,1,1,1,1,1,2,1,1,4,5,2,4,4,5,4,4,2,4,1,4,3
681,non-sample,1,72,49,7,1,1,1,NA,1,1,1,1,NA,1,1,1,1,1,1,NA,NA,NA,9,2,1,2,1,3,0,1,0,1,0,1,0,0,0,0,0,0,1,1,0,0,0,0,0,0,0,1,0,5,1,2,4,1,2,3,3,3,1,1,4,4,4,5,4,4,5,3,4,5,4,4,3,4,2
682,non-sample,1,72,49,7,1,1,1,1,1,1,1,1,1,1,1,NA,NA,1,1,NA,NA,NA,8,1,1,1,1,3,0,0,1,1,0,0,0,0,0,1,0,0,1,2,0,0,0,0,0,0,0,1,0,4,1,2,2,1,1,1,3,2,3,1,3,2,4,4,4,4,4,4,4,3,3,4,3,3,2
683,non-sample,1,72,49,7,NA,1,NA,NA,1,NA,1,NA,NA,1,1,NA,NA,1,NA,NA,NA,NA,4,2,1,2,1,3,0,0,1,0,0,0,0,0,0,1,0,0,1,2,0,0,0,0,0,0,1,0,0,7,1,3,4,1,1,1,3,2,4,3,2,4,2,4,4,2,5,3,4,3,1,2,4,4,1
684,non-sample,1,72,49,7,1,1,1,NA,1,1,1,1,NA,1,1,1,NA,NA,NA,NA,1,1,8,2,1,2,1,3,0,1,0,1,0,1,0,0,0,1,0,0,1,1,0,1,0,0,0,0,1,0,0,5,1,2,4,1,1,1,2,1,1,2,2,2,4,5,5,4,5,3,5,5,1,1,1,4,3
685,non-sample,2,72,49,7,1,1,1,NA,1,1,1,1,1,1,1,NA,NA,1,1,1,1,1,11,1,1,2,1,3,0,0,0,1,0,1,0,0,0,1,0,0,1,2,0,1,1,0,0,1,0,1,0,5,1,3,3,3,2,3,3,2,3,3,3,3,3,3,4,4,4,4,4,4,4,4,3,3,2
688,non-sample,1,71,50,8,1,1,1,1,1,1,1,1,1,1,1,1,NA,1,1,1,1,NA,11,2,1,1,1,2,0,1,0,1,0,1,0,0,0,1,0,0,1,1,0,1,0,0,0,0,0,1,0,5,1,3,4,1,3,4,1,1,3,1,4,4,5,5,4,3,5,5,5,4,3,4,1,4,3
689,non-sample,2,71,50,8,1,1,1,1,1,1,1,1,1,1,1,NA,NA,1,NA,NA,NA,1,8,1,1,1,1,3,0,1,0,1,0,1,0,0,0,0,0,0,1,1,0,0,0,0,0,0,0,1,0,5,1,1,4,1,2,2,3,2,3,4,4,3,4,4,3,5,4,4,5,4,4,3,2,2,2
690,non-sample,1,71,50,8,1,1,1,NA,1,1,1,1,1,1,1,NA,NA,NA,1,1,1,1,10,2,1,2,1,3,0,0,0,1,0,1,0,0,0,1,0,0,1,2,0,0,0,0,0,0,0,1,0,5,1,1,1,1,2,1,2,2,2,1,2,2,3,5,5,4,5,5,4,4,5,5,3,4,3
691,non-sample,1,70,51,8,NA,1,1,1,1,NA,1,1,1,1,1,NA,1,NA,1,NA,NA,NA,7,2,1,1,1,2,0,0,0,1,0,0,0,0,0,0,0,0,1,2,0,1,0,0,0,0,0,1,0,5,1,2,4,2,3,4,4,2,3,3,4,3,2,4,4,2,2,1,2,4,1,2,3,1,1
692,non-sample,1,70,51,8,NA,1,1,NA,1,NA,1,1,NA,1,1,NA,NA,1,NA,NA,NA,NA,5,2,1,2,1,3,0,0,0,1,0,1,0,0,0,0,0,1,1,2,0,0,0,0,1,0,0,1,0,5,1,4,4,4,2,2,4,3,3,2,1,2,3,4,4,5,5,2,3,3,1,1,3,2,1
693,non-sample,1,70,51,8,NA,1,NA,NA,1,NA,1,NA,NA,1,1,NA,NA,1,1,NA,NA,1,6,2,1,2,1,2,0,0,0,1,0,1,0,0,0,0,0,0,1,2,0,0,0,0,0,0,0,1,0,6,1,2,3,1,3,3,3,2,2,2,4,4,2,4,3,1,4,2,3,4,3,1,2,3,2
694,non-sample,2,70,51,8,1,1,1,1,1,1,1,1,1,1,1,NA,NA,1,1,NA,NA,NA,8,1,1,1,1,3,0,1,0,1,1,1,0,0,0,1,0,0,1,1,0,1,0,0,0,0,0,1,0,4,1,2,3,2,2,2,2,2,2,2,3,2,4,4,4,4,4,2,4,4,1,1,1,4,2
695,non-sample,1,70,51,8,1,1,NA,1,1,1,1,1,1,1,1,1,1,1,1,1,NA,1,12,2,1,1,1,3,0,0,1,0,1,1,0,0,0,1,0,0,1,2,0,1,0,0,0,1,0,1,0,6,1,2,4,1,1,4,4,2,3,4,4,4,2,4,5,3,4,2,5,4,1,2,4,4,1
696,non-sample,1,70,51,8,NA,1,NA,NA,1,NA,1,1,NA,1,1,1,1,1,1,1,1,1,11,2,1,2,1,3,0,1,1,1,0,1,0,0,0,1,1,0,1,1,0,0,0,0,0,0,0,0,1,6,1,2,4,2,1,2,4,2,3,2,4,3,5,4,4,5,5,2,4,5,3,4,3,4,2
698,non-sample,1,69,52,8,NA,1,NA,NA,1,NA,1,NA,NA,1,1,NA,1,NA,1,NA,1,NA,6,2,1,2,1,2,0,0,0,1,0,1,0,0,0,1,0,1,1,2,0,1,0,1,0,0,0,1,0,5,1,2,4,1,4,4,3,3,3,3,4,3,1,3,3,1,5,2,3,4,5,5,1,2,1
699,non-sample,1,69,52,8,NA,1,1,NA,1,NA,1,1,NA,1,1,NA,NA,NA,1,NA,NA,1,6,2,1,2,1,3,0,0,0,1,0,1,0,0,0,1,0,0,1,2,0,0,0,0,0,1,0,1,0,3,1,3,3,1,3,2,2,2,3,3,3,3,3,5,4,2,5,4,3,3,2,2,1,3,2
700,non-sample,2,69,52,8,1,1,1,1,1,1,1,1,1,1,1,1,NA,1,1,1,NA,1,11,1,1,1,1,3,0,1,0,0,1,1,0,0,1,0,0,0,1,1,0,1,0,0,0,0,0,1,0,5,1,2,4,2,2,2,2,1,2,4,2,4,3,3,4,2,2,4,2,3,3,2,3,2,1
704,non-sample,1,68,53,8,NA,1,1,NA,1,NA,1,1,NA,1,1,1,NA,1,1,NA,NA,1,8,2,1,2,1,2,0,1,0,1,0,1,0,0,0,1,0,1,1,1,0,0,0,0,0,0,0,1,0,5,1,2,3,1,2,3,1,2,1,3,2,3,4,4,4,4,4,3,4,4,2,2,3,2,2
705,non-sample,1,68,53,8,1,1,NA,1,1,1,1,1,1,1,1,1,NA,1,1,1,1,1,12,2,1,1,1,3,0,0,1,1,0,1,0,0,0,1,0,0,1,2,0,0,0,0,0,0,0,1,0,5,1,3,4,1,3,2,3,2,2,2,3,3,3,5,1,2,5,3,3,2,2,2,4,4,1
706,non-sample,1,68,53,8,1,1,1,1,1,1,1,1,1,1,1,NA,1,1,1,NA,1,1,11,1,1,1,1,3,0,1,0,1,1,1,0,0,0,0,0,0,1,1,0,1,1,0,0,0,0,1,0,4,1,3,3,1,3,4,3,2,3,3,4,3,4,4,2,5,5,2,4,4,5,5,3,4,2
707,non-sample,1,68,53,8,1,1,NA,NA,1,1,1,1,NA,1,1,1,NA,NA,1,NA,NA,1,8,1,1,2,1,3,0,1,0,1,0,0,0,0,0,1,0,0,1,1,0,0,0,0,0,1,0,0,0,4,1,3,4,4,2,1,3,3,2,1,3,4,4,5,5,3,5,3,4,4,3,3,3,5,2
708,non-sample,2,68,53,8,1,1,1,NA,1,1,1,1,NA,1,1,NA,NA,NA,NA,NA,NA,1,6,2,1,2,1,2,0,1,0,0,0,0,0,0,0,1,0,0,1,1,0,0,0,0,0,0,0,1,0,4,1,2,3,1,2,3,2,2,2,3,3,3,3,3,4,2,3,3,3,4,4,4,3,4,2
710,non-sample,1,67,54,8,NA,1,NA,NA,1,NA,1,1,NA,1,1,NA,1,NA,NA,1,1,1,8,2,1,2,1,2,0,0,0,0,1,1,0,0,0,0,1,0,1,2,0,0,0,0,0,0,0,1,0,4,1,3,4,4,3,4,4,3,3,3,4,4,4,5,5,4,4,1,4,4,5,1,1,3,1
711,non-sample,1,67,54,8,NA,1,NA,NA,1,NA,1,NA,NA,NA,1,NA,NA,1,NA,NA,NA,1,4,2,1,2,1,3,0,1,0,1,0,1,0,0,0,0,0,0,1,1,0,0,1,0,0,0,0,1,0,5,1,2,3,1,3,2,2,2,1,2,4,4,4,5,4,3,5,4,4,4,4,3,1,2,2
712,non-sample,1,67,54,8,NA,1,NA,NA,1,NA,1,NA,NA,1,1,NA,NA,NA,NA,NA,NA,NA,3,2,1,2,1,2,0,0,0,1,0,0,0,0,0,0,1,0,1,2,0,0,0,0,0,0,0,1,0,5,1,2,4,1,1,1,4,2,4,2,4,4,4,4,4,3,4,2,3,4,2,1,1,4,2
714,non-sample,1,67,54,8,1,1,1,NA,1,1,1,1,1,1,1,NA,1,NA,NA,1,1,1,10,2,1,2,1,2,0,1,0,1,0,1,0,0,0,1,0,1,1,1,0,0,0,0,0,0,0,1,0,5,1,3,3,2,2,2,2,2,2,2,3,3,3,4,4,2,4,2,3,4,4,4,2,4,2
715,non-sample,1,67,54,8,1,1,1,NA,1,1,1,1,NA,1,1,NA,1,1,1,NA,1,1,10,1,1,2,1,2,0,0,1,1,0,0,0,0,0,1,0,0,1,2,0,1,0,0,0,0,0,1,0,5,1,1,4,2,2,4,3,1,2,1,3,2,3,4,3,3,4,3,4,4,4,4,3,3,2
716,non-sample,1,66,55,9,NA,1,NA,NA,1,NA,1,1,NA,1,1,1,NA,1,1,NA,NA,1,8,2,1,2,1,3,0,0,1,0,0,1,0,0,0,1,0,0,1,2,0,1,0,0,1,0,1,0,0,5,1,3,3,2,2,2,3,2,2,3,3,3,4,5,4,2,4,3,4,4,1,3,1,2,2
718,non-sample,1,66,55,9,NA,1,1,NA,1,NA,1,1,NA,1,1,NA,NA,NA,1,NA,NA,NA,5,2,1,2,1,1,0,0,1,1,0,1,0,0,0,0,0,0,1,2,0,0,0,0,0,0,0,1,0,6,1,2,3,4,2,3,3,2,3,2,3,1,4,5,5,4,4,2,4,4,4,3,3,2,2
719,non-sample,1,66,55,9,NA,1,NA,NA,1,NA,1,NA,NA,1,1,NA,1,NA,NA,NA,NA,NA,4,2,1,2,1,3,0,0,1,1,0,1,0,0,0,0,0,0,1,2,0,0,0,0,0,0,0,1,0,5,1,1,2,3,1,4,2,4,3,1,3,1,5,2,5,3,5,5,5,5,2,1,3,5,3
720,non-sample,1,66,55,9,NA,1,NA,NA,1,1,1,1,NA,1,1,NA,1,NA,1,NA,1,1,9,2,1,2,1,2,0,0,0,1,0,1,0,0,0,0,1,0,1,2,0,1,0,0,0,0,0,1,0,4,1,3,4,1,2,3,2,1,4,2,3,2,3,5,5,4,4,3,3,5,5,3,3,4,2
721,non-sample,1,65,56,9,NA,1,1,NA,1,NA,1,1,NA,1,1,NA,NA,1,1,NA,NA,NA,6,2,1,2,1,3,0,1,0,1,0,1,0,0,0,0,0,0,1,1,0,1,0,0,1,0,0,1,0,2,NA,1,2,1,3,3,2,2,1,3,3,4,3,5,5,2,4,4,2,4,4,3,1,4,2
722,non-sample,1,65,56,9,NA,1,NA,NA,1,NA,1,1,NA,1,1,NA,1,1,NA,NA,1,1,8,2,1,2,1,3,0,1,0,1,0,1,1,0,0,0,1,0,1,1,0,1,0,0,0,0,0,1,0,5,1,1,2,1,2,2,2,2,2,1,3,2,4,4,4,3,4,4,3,4,3,3,3,3,2
723,non-sample,1,65,56,9,NA,1,NA,NA,1,1,1,1,NA,1,1,NA,NA,1,1,1,NA,NA,8,2,1,2,1,3,0,0,0,1,1,1,0,0,0,0,1,0,1,2,0,0,0,0,0,0,0,1,0,5,1,3,4,2,2,1,3,3,1,2,3,4,3,5,5,3,2,2,3,4,2,1,4,4,1
724,non-sample,1,65,56,9,1,1,NA,NA,1,1,1,NA,NA,1,1,NA,1,1,1,NA,NA,1,8,1,1,2,1,3,0,1,0,0,0,1,0,0,0,0,0,1,1,1,0,0,1,0,0,0,0,1,0,4,1,3,3,1,1,1,3,2,3,3,3,3,4,5,4,4,5,2,4,4,4,4,2,4,2
726,non-sample,2,64,57,9,1,1,1,1,1,1,1,1,1,1,1,NA,1,1,1,NA,NA,1,10,1,1,1,1,3,0,0,1,0,1,0,0,0,1,0,1,1,1,2,0,1,0,0,1,1,0,1,1,4,1,3,1,1,1,1,4,2,2,1,4,4,5,5,4,5,4,4,4,4,3,4,4,5,3
728,non-sample,1,63,58,9,NA,1,NA,NA,1,1,1,1,NA,1,1,NA,1,1,NA,NA,NA,1,8,2,1,2,1,1,0,0,0,1,0,1,0,0,0,1,0,0,1,2,0,0,0,0,0,0,0,1,0,4,1,4,4,1,4,1,1,1,2,2,4,4,4,4,3,4,5,5,4,5,2,2,1,5,3
729,non-sample,1,63,58,9,NA,1,NA,NA,1,NA,1,1,NA,1,1,NA,NA,1,1,1,NA,NA,7,2,1,2,1,3,0,0,1,1,0,1,0,0,0,1,0,1,1,2,0,0,1,0,0,1,0,0,0,4,1,3,3,1,3,2,3,2,2,3,2,3,3,5,5,3,5,3,3,4,5,2,2,4,2
730,non-sample,1,63,58,9,NA,1,1,NA,1,NA,1,1,NA,1,1,NA,1,1,NA,NA,NA,NA,6,2,1,2,1,2,0,0,0,0,0,1,0,0,1,0,1,1,1,2,0,0,0,0,0,0,1,0,0,6,1,3,4,2,2,3,3,2,2,1,2,2,3,4,3,3,4,2,3,4,3,2,4,4,2
731,non-sample,1,63,58,9,NA,1,NA,NA,1,1,1,1,NA,1,1,NA,NA,1,1,1,1,1,10,2,1,2,1,3,0,1,1,1,1,1,0,0,0,1,0,0,1,1,1,0,0,0,0,0,0,0,0,NA,2,3,4,2,4,3,4,2,1,3,3,4,3,5,5,1,4,2,2,4,5,5,1,2,1
732,non-sample,1,63,58,9,NA,1,NA,NA,1,NA,1,NA,NA,1,1,NA,NA,1,NA,1,NA,1,6,2,1,2,1,3,0,0,1,1,0,0,0,0,0,1,0,0,1,2,0,1,0,0,0,1,0,0,0,5,1,3,4,2,3,2,4,2,3,3,3,2,4,4,5,3,4,3,2,3,4,4,4,3,2
734,non-sample,1,62,59,9,1,1,NA,NA,1,1,1,1,NA,1,1,NA,1,1,1,NA,NA,1,9,1,1,2,1,3,0,0,1,1,0,1,0,0,0,1,0,0,1,2,0,0,0,0,0,0,0,1,0,4,1,1,3,1,4,2,1,2,2,1,4,3,3,5,5,1,3,4,2,2,2,4,2,2,1
735,non-sample,1,62,59,9,NA,1,1,NA,1,NA,1,1,NA,1,1,NA,1,1,NA,1,NA,1,8,2,1,2,1,3,0,0,1,1,0,1,0,0,0,0,1,0,1,2,0,1,0,0,1,0,1,0,0,4,1,3,4,2,2,4,1,3,3,3,3,3,4,4,5,2,4,2,2,3,2,3,1,3,1
736,non-sample,1,62,59,9,NA,1,NA,NA,1,1,1,NA,NA,1,1,NA,1,NA,NA,NA,1,1,7,2,1,2,1,3,0,1,1,1,0,0,0,0,0,1,0,0,1,1,1,0,0,0,0,0,0,0,0,NA,2,3,3,3,4,4,3,3,3,3,3,3,2,2,3,2,1,3,1,3,4,3,2,3,1
737,non-sample,1,62,59,9,NA,1,NA,NA,1,NA,1,1,NA,1,1,1,NA,NA,NA,NA,NA,NA,5,2,1,2,1,1,0,0,0,0,1,1,0,0,0,1,0,0,1,2,0,0,0,0,0,0,0,1,0,4,1,2,4,1,2,1,4,3,4,2,2,3,2,5,5,2,5,3,3,3,1,1,1,3,1
739,non-sample,1,61,60,10,NA,1,NA,NA,1,NA,1,NA,NA,1,1,NA,1,1,NA,NA,NA,1,6,2,1,2,1,3,0,0,0,1,0,1,0,0,0,1,0,1,1,2,0,0,1,0,0,1,0,1,0,5,1,3,4,1,4,4,4,1,4,3,4,4,3,3,4,2,3,3,3,4,3,3,1,4,1
740,non-sample,1,61,60,10,1,1,NA,1,1,1,1,NA,1,1,1,NA,1,NA,NA,NA,NA,NA,6,2,1,1,1,3,0,0,0,1,0,0,0,0,0,0,0,1,1,2,0,0,0,0,0,0,0,1,0,7,1,1,2,1,2,3,2,3,3,2,3,2,3,3,4,3,4,3,3,3,4,4,3,3,2
741,non-sample,2,61,60,10,1,1,1,1,1,1,1,1,1,1,1,NA,NA,NA,1,NA,NA,1,8,1,1,1,1,3,0,1,1,1,0,1,0,0,0,0,0,0,1,1,0,0,0,0,0,0,0,0,1,5,1,2,3,1,2,1,3,2,2,3,4,4,4,4,4,4,4,4,3,3,3,4,2,4,2
744,non-sample,1,60,61,10,1,1,1,1,1,1,1,1,1,1,1,NA,1,NA,1,NA,NA,1,9,1,1,1,1,2,0,1,0,0,0,1,0,0,0,1,0,1,1,1,1,0,0,0,0,0,0,0,0,NA,2,2,3,1,2,2,4,3,3,2,3,3,4,3,4,3,4,3,4,4,2,2,3,4,2
745,non-sample,1,60,61,10,NA,1,NA,NA,1,NA,1,1,1,1,1,NA,1,1,1,1,1,1,11,2,1,2,1,3,0,0,0,1,0,1,0,0,0,1,0,0,1,2,0,1,1,0,1,0,0,1,0,5,1,3,2,1,3,3,2,3,2,3,3,4,3,5,4,3,4,4,2,4,4,3,1,4,2
747,non-sample,1,60,61,10,1,1,NA,NA,1,1,1,NA,NA,1,1,1,NA,1,NA,NA,NA,NA,6,2,1,2,1,2,0,1,0,1,0,1,0,0,0,0,1,0,1,1,1,0,0,0,0,0,0,0,0,NA,2,2,4,1,1,2,1,3,2,2,4,4,4,4,4,4,4,4,4,4,4,3,2,2,2
748,non-sample,1,59,62,10,NA,1,NA,NA,1,NA,1,1,NA,1,1,NA,NA,NA,NA,NA,NA,NA,4,2,1,2,1,2,0,0,1,1,0,1,0,0,0,1,0,0,1,2,0,0,0,0,0,0,1,0,0,7,1,2,4,1,2,1,3,3,1,4,3,3,3,4,5,4,4,2,5,5,3,3,2,4,2
751,non-sample,1,57,64,10,NA,1,NA,NA,1,NA,1,NA,NA,1,1,NA,NA,NA,1,NA,NA,1,5,2,1,2,1,3,0,0,1,0,0,1,0,0,0,0,0,0,1,2,0,1,0,0,1,1,0,0,0,6,1,3,3,1,1,3,1,1,3,2,4,4,5,5,4,4,5,4,5,4,1,2,2,2,3
753,non-sample,1,103,18,1,1,1,1,1,1,1,1,1,1,NA,1,NA,NA,NA,1,NA,1,1,8,2,1,1,1,3,0,1,1,1,0,1,0,0,0,1,0,0,1,1,0,1,0,0,1,0,0,0,0,NA,NA,1,1,1,2,1,1,3,1,1,4,4,5,5,5,5,5,5,5,5,5,5,1,5,3
756,non-sample,2,101,20,2,1,1,NA,NA,1,1,1,NA,NA,1,1,NA,NA,NA,NA,NA,NA,NA,4,1,1,2,1,2,0,1,0,1,0,1,0,0,0,1,0,0,1,1,0,0,0,0,0,0,0,1,0,6,1,3,4,1,1,1,3,2,4,3,4,4,4,4,5,3,5,3,3,5,2,1,1,3,2
759,non-sample,2,100,21,2,NA,1,NA,NA,NA,1,1,NA,NA,1,1,NA,NA,1,NA,NA,NA,NA,5,2,1,2,1,3,0,0,0,1,0,1,0,0,0,0,1,1,1,2,0,0,0,0,0,0,0,1,0,7,1,1,4,1,1,1,3,1,1,3,4,4,5,5,5,5,5,3,5,5,5,5,3,5,3
762,non-sample,1,99,22,2,NA,1,NA,NA,1,1,1,1,NA,1,1,1,NA,1,1,NA,NA,1,9,2,1,2,1,2,0,0,1,0,0,0,0,0,0,1,0,0,1,2,0,0,1,0,0,0,0,1,0,5,1,3,3,3,3,3,2,1,3,3,3,2,2,3,4,1,4,4,2,3,1,2,4,3,1
769,non-sample,1,97,24,2,1,1,1,1,1,1,1,1,1,1,1,NA,NA,NA,1,NA,1,1,9,1,1,1,1,2,0,0,1,1,0,0,0,0,0,1,0,0,1,2,0,0,0,0,0,0,0,1,0,5,1,1,2,2,2,2,2,1,2,1,1,2,5,4,4,5,5,3,4,5,5,4,2,5,3
776,non-sample,1,95,26,3,NA,1,NA,NA,1,1,1,1,NA,1,1,NA,NA,1,NA,NA,NA,1,7,2,1,2,1,1,0,0,0,1,0,1,0,0,0,0,0,0,1,2,0,0,0,0,0,0,0,1,0,3,1,3,3,4,2,4,4,3,4,3,4,4,5,5,4,5,5,5,5,3,5,3,1,5,2
777,non-sample,2,95,26,3,1,1,NA,NA,1,1,1,NA,NA,1,1,NA,NA,1,NA,NA,NA,NA,5,1,1,2,1,2,0,1,0,1,0,0,0,0,0,0,0,0,1,1,1,0,0,0,0,0,0,0,0,NA,2,2,3,2,3,3,3,3,3,2,2,3,2,3,2,2,4,3,3,4,4,4,1,4,2
780,non-sample,1,95,26,3,NA,1,NA,NA,1,NA,1,1,NA,1,1,NA,1,1,1,1,1,1,10,2,1,2,1,3,0,0,1,1,0,1,0,0,0,1,0,0,1,2,0,0,0,0,0,0,0,1,0,4,1,2,3,2,2,2,2,2,3,1,3,3,4,4,4,3,4,3,3,4,3,2,2,4,2
783,non-sample,1,93,28,3,1,1,1,NA,1,1,1,1,1,1,1,NA,NA,NA,NA,1,1,1,9,1,1,2,1,3,0,1,0,1,0,1,0,0,0,0,1,1,1,1,0,0,0,0,0,0,0,1,0,4,1,1,1,1,1,1,1,1,4,1,2,2,3,5,5,3,5,5,4,5,4,4,5,4,3
784,non-sample,1,93,28,3,1,1,1,1,1,1,1,1,1,1,1,1,1,1,1,1,NA,NA,11,1,1,1,1,3,0,0,1,1,0,1,0,0,0,1,0,0,1,2,0,0,0,0,0,0,0,1,0,6,1,3,4,2,2,2,3,3,2,1,3,3,3,4,4,3,4,3,2,4,4,3,4,3,2
785,non-sample,1,93,28,3,1,1,1,1,1,1,1,1,1,1,1,NA,1,NA,NA,NA,NA,NA,7,1,1,1,1,1,0,1,0,0,0,0,0,0,0,0,0,0,1,1,0,0,0,0,0,0,0,1,0,5,1,1,3,2,3,2,2,2,3,1,3,3,4,5,5,5,5,5,4,5,4,4,2,4,2
787,non-sample,1,93,28,3,1,1,NA,NA,1,1,1,NA,NA,1,1,NA,NA,1,NA,NA,NA,NA,5,2,1,2,1,3,0,1,0,1,0,1,0,0,0,0,1,0,1,1,1,0,0,0,0,0,0,0,0,NA,2,1,2,1,3,1,1,2,2,1,2,4,3,4,4,1,5,2,1,2,3,3,1,4,2
788,non-sample,2,93,28,3,1,1,NA,NA,1,1,1,1,NA,1,1,1,1,1,1,1,NA,1,11,1,1,2,1,2,0,0,1,0,0,0,0,0,0,1,0,0,1,2,0,0,0,0,0,0,0,1,0,4,1,2,3,2,4,3,3,2,4,4,3,3,2,4,4,1,4,2,2,2,4,4,3,3,1
791,non-sample,1,92,29,3,1,1,1,1,1,1,1,1,1,1,1,1,NA,1,NA,NA,1,1,10,1,1,1,1,2,0,1,0,1,0,1,0,0,0,0,1,1,1,1,0,0,0,0,0,0,0,1,0,5,1,3,4,2,2,2,2,2,2,4,4,4,5,5,5,5,5,4,5,4,4,3,1,4,2
792,non-sample,1,92,29,3,1,1,1,1,1,1,1,1,1,1,1,1,NA,NA,NA,NA,1,1,9,1,1,1,1,3,0,1,0,0,0,1,0,0,1,0,1,0,1,1,0,0,0,0,0,0,0,1,0,5,1,4,4,1,2,4,4,4,4,4,4,2,5,3,5,5,4,2,3,2,5,3,3,3,1
793,non-sample,1,92,29,3,NA,1,NA,NA,1,NA,1,NA,NA,1,1,NA,1,NA,NA,NA,NA,NA,4,2,1,2,1,3,0,1,0,1,0,1,1,0,0,1,0,0,1,1,0,0,0,0,0,0,0,1,0,5,1,2,1,1,3,2,1,3,1,1,3,2,4,4,4,3,5,3,4,5,5,5,3,4,3
795,non-sample,2,92,29,3,1,1,1,NA,1,1,1,1,NA,1,1,NA,NA,NA,NA,NA,1,1,7,1,1,2,1,2,0,1,0,0,0,1,0,0,0,0,1,0,1,1,0,1,0,0,0,1,0,0,0,5,1,2,4,1,3,1,4,1,2,4,4,4,2,3,3,3,5,1,3,1,2,4,4,2,1
799,non-sample,1,92,29,3,NA,1,NA,NA,1,1,1,1,NA,1,1,NA,1,1,1,1,1,1,11,2,1,2,1,3,0,0,0,1,0,1,0,0,0,1,0,0,1,2,0,0,0,0,0,0,0,1,0,3,1,2,4,1,3,2,2,3,2,1,3,3,3,4,5,2,5,3,2,4,4,4,2,3,2
804,non-sample,1,91,30,4,NA,1,NA,NA,1,1,1,1,NA,1,1,NA,NA,NA,1,1,1,NA,8,2,1,2,1,3,0,1,1,1,0,1,0,0,0,0,1,0,1,1,0,0,0,0,0,0,0,1,0,5,1,3,3,3,3,3,3,3,3,3,3,3,4,4,4,4,4,4,4,4,4,4,4,4,2
805,non-sample,1,91,30,4,NA,1,NA,NA,1,1,1,NA,1,1,1,NA,NA,NA,1,1,1,1,9,2,1,2,1,2,0,1,0,1,0,1,1,0,0,1,1,0,1,1,0,0,0,1,0,0,0,0,0,NA,NA,3,4,1,3,1,2,1,1,1,4,4,5,5,4,5,4,3,3,4,5,5,5,1,3
810,non-sample,1,90,31,4,NA,1,NA,NA,1,1,1,1,NA,1,1,1,NA,NA,NA,NA,NA,NA,6,2,1,2,1,3,0,1,1,1,0,1,0,0,0,1,0,1,1,1,0,0,0,0,0,0,0,1,0,5,1,3,4,1,3,3,1,2,3,2,2,3,2,5,5,1,4,5,2,4,1,1,2,4,1
811,non-sample,1,90,31,4,NA,1,NA,NA,1,NA,1,1,NA,1,1,NA,NA,NA,NA,NA,NA,NA,4,2,1,2,1,3,0,0,1,1,0,1,0,0,0,1,0,0,1,2,0,0,0,0,1,0,0,1,0,5,1,2,4,2,3,4,4,3,1,2,2,3,4,4,4,2,5,1,4,4,4,4,3,5,2
812,non-sample,1,90,31,4,1,1,NA,NA,1,1,1,1,NA,1,1,NA,1,NA,1,1,1,1,10,2,1,2,1,2,0,1,0,1,0,1,0,0,0,1,0,0,1,1,1,0,0,0,0,0,0,0,0,NA,2,2,3,2,3,2,1,1,3,2,2,3,2,3,4,2,3,2,2,4,5,5,1,2,1
813,non-sample,1,90,31,4,NA,1,NA,NA,1,1,1,NA,NA,1,1,1,NA,NA,NA,1,NA,NA,6,2,1,2,1,3,0,0,0,1,0,0,0,0,0,1,0,0,1,2,0,0,0,0,0,0,0,1,0,4,1,1,4,1,3,2,1,2,2,2,3,3,2,4,4,2,3,2,4,2,2,3,2,4,2
814,non-sample,1,90,31,4,1,1,NA,NA,1,1,1,1,1,1,1,NA,1,1,1,1,1,1,12,1,1,2,1,3,0,1,0,1,0,1,0,0,0,0,0,0,1,1,0,1,0,0,0,0,0,1,0,4,1,2,3,2,3,1,1,2,1,3,4,3,4,5,4,4,5,3,3,4,5,4,1,4,2
815,non-sample,1,90,31,4,1,1,NA,NA,1,1,1,1,NA,1,1,NA,NA,NA,NA,NA,NA,NA,5,2,1,2,1,3,0,1,0,1,0,1,0,0,0,0,0,0,1,1,1,0,0,0,0,0,0,0,0,NA,2,2,4,1,3,3,1,3,2,4,4,4,4,5,5,2,5,4,3,4,4,5,2,4,2
817,non-sample,1,90,31,4,1,1,1,NA,1,1,1,1,1,1,1,1,NA,1,1,1,1,1,12,1,1,2,1,3,0,1,1,1,0,1,0,0,0,0,1,0,1,1,1,0,0,0,0,0,0,0,0,NA,2,1,1,1,1,1,1,1,1,1,3,1,5,5,5,5,5,5,5,5,5,5,5,4,3
821,non-sample,1,90,31,4,NA,1,1,1,1,1,1,1,1,1,1,1,1,1,1,1,1,1,13,2,1,1,1,3,0,0,0,0,0,0,1,0,0,0,0,0,1,2,0,0,1,1,0,0,1,0,0,6,1,3,3,3,3,3,3,2,4,1,4,2,5,4,3,4,5,3,4,3,4,5,2,3,2
822,non-sample,1,90,31,4,1,1,NA,NA,NA,1,1,1,1,1,1,NA,NA,NA,NA,NA,NA,1,7,2,1,2,1,3,0,1,0,1,0,1,0,0,0,0,1,0,1,1,0,0,0,0,0,0,0,1,0,5,1,1,3,1,3,1,2,3,2,1,1,3,4,5,5,3,5,2,2,3,4,1,3,3,2
824,non-sample,1,89,32,4,1,1,NA,NA,1,1,1,1,1,1,1,NA,1,NA,NA,NA,NA,NA,7,2,1,2,1,3,0,1,1,1,0,1,0,0,1,1,0,0,1,1,0,0,0,0,0,0,1,0,0,6,1,1,2,1,2,2,1,2,4,2,3,3,3,4,4,3,5,3,4,4,5,4,1,3,2
825,non-sample,1,89,32,4,1,1,1,1,1,1,1,1,1,1,1,NA,1,NA,1,NA,1,NA,9,1,1,1,1,2,0,1,0,1,0,1,0,0,0,0,0,1,1,1,0,0,0,0,0,0,0,1,0,5,1,1,1,1,1,1,1,1,1,1,4,1,1,3,1,1,1,1,1,3,2,1,2,3,1
826,non-sample,1,89,32,4,1,1,NA,NA,NA,1,1,1,1,1,1,1,NA,1,1,1,1,1,12,1,1,2,1,2,0,1,0,0,0,1,0,0,0,1,0,0,1,1,0,0,0,0,0,0,0,1,0,3,1,3,4,3,3,1,3,3,3,2,3,3,4,5,4,4,5,3,5,4,1,4,3,4,2
828,non-sample,1,89,32,4,1,1,NA,NA,1,1,1,1,NA,1,1,1,NA,NA,1,NA,1,NA,8,1,1,2,1,3,0,1,0,1,0,1,0,0,0,1,0,0,1,1,0,0,1,0,0,0,0,0,0,NA,NA,3,4,2,3,2,3,3,1,3,3,4,5,5,4,4,4,3,3,5,3,2,1,3,2
830,non-sample,1,88,33,4,1,1,NA,NA,1,1,1,NA,NA,1,1,NA,1,NA,1,NA,1,NA,7,1,1,2,1,3,0,0,1,1,0,1,0,0,0,1,0,0,1,2,0,0,0,0,0,0,0,1,0,4,1,2,3,1,4,1,3,2,1,3,2,3,4,4,4,3,5,4,4,5,5,5,1,5,2
831,non-sample,1,88,33,4,NA,1,NA,NA,1,1,1,1,NA,1,1,NA,NA,1,1,1,1,1,10,2,1,2,1,3,0,0,0,1,0,1,0,0,1,0,1,0,1,2,0,0,0,0,0,0,0,1,0,4,1,2,2,2,2,2,2,2,2,2,2,2,5,5,5,4,4,5,4,4,5,5,5,5,3
832,non-sample,2,88,33,4,NA,1,NA,NA,1,NA,1,1,NA,1,1,NA,NA,NA,NA,NA,NA,NA,4,2,1,2,1,2,0,0,1,0,0,0,0,0,0,1,0,1,1,2,0,0,0,0,0,1,0,1,0,6,1,1,4,1,4,1,1,1,1,1,4,3,1,1,5,1,1,1,5,5,1,1,5,5,1
834,non-sample,1,87,34,4,1,1,1,1,1,1,1,1,1,NA,1,NA,NA,NA,NA,NA,NA,NA,5,1,1,1,1,3,0,1,0,1,0,1,0,0,0,1,0,0,1,1,0,0,0,0,0,0,0,1,0,2,NA,3,4,1,3,1,3,3,3,3,3,4,2,4,3,3,5,3,4,4,4,4,1,5,2
835,non-sample,2,87,34,4,NA,1,NA,NA,1,1,1,NA,NA,1,1,NA,NA,NA,NA,NA,NA,1,5,2,1,2,1,2,0,0,1,0,0,1,0,0,0,0,0,0,1,2,0,0,0,0,0,1,0,0,0,5,1,2,2,2,1,2,4,3,4,2,4,4,4,3,5,3,5,2,5,2,2,4,3,4,3
836,non-sample,1,87,34,4,NA,1,NA,NA,1,1,1,1,NA,1,1,NA,NA,NA,1,NA,NA,1,7,2,1,2,1,3,0,0,0,1,0,1,0,0,0,0,1,0,1,2,0,0,0,0,1,0,0,1,0,5,1,1,4,3,3,3,4,3,2,2,2,2,2,4,4,2,4,4,2,4,5,5,4,1,1
837,non-sample,1,87,34,4,NA,1,NA,NA,1,NA,1,NA,NA,1,1,NA,1,1,NA,1,NA,NA,6,2,1,2,1,3,0,0,1,1,0,1,1,0,0,0,1,0,1,2,0,0,0,0,0,0,0,1,0,4,1,2,4,1,2,3,4,1,1,1,2,4,3,5,5,3,5,3,2,5,1,1,1,1,1
839,non-sample,1,87,34,4,NA,1,NA,NA,1,1,1,NA,NA,1,1,NA,NA,NA,NA,NA,NA,NA,4,2,1,2,1,1,0,0,0,1,0,1,0,0,0,1,0,0,1,2,0,0,0,0,0,0,0,1,0,5,1,3,3,1,4,2,1,3,2,4,3,3,4,4,5,3,5,5,5,5,1,3,3,4,2
843,non-sample,1,86,35,5,NA,1,NA,NA,1,1,1,1,NA,1,1,NA,NA,1,NA,1,NA,1,8,2,1,2,1,3,0,0,1,1,0,1,0,0,0,1,1,0,1,2,0,0,0,0,0,0,0,1,0,4,1,3,4,1,3,3,1,2,3,1,3,3,3,4,4,2,4,3,2,4,3,4,2,2,2
844,non-sample,1,86,35,5,1,1,NA,1,1,1,1,1,1,1,1,NA,NA,NA,NA,NA,1,1,8,1,1,1,1,3,0,1,0,1,0,1,0,0,0,0,0,0,1,1,1,0,0,0,0,0,0,0,0,NA,2,1,2,1,2,1,2,1,1,1,2,3,5,5,5,4,5,4,4,5,5,5,3,5,3
845,non-sample,1,86,35,5,1,1,1,1,1,1,1,1,1,1,1,NA,NA,NA,1,NA,1,1,9,1,1,1,1,3,0,1,0,1,0,1,0,0,0,1,0,0,1,1,0,1,0,0,0,0,0,1,0,3,1,4,3,1,2,1,3,4,1,3,4,4,4,5,5,1,5,3,5,5,4,5,1,4,3
846,non-sample,1,86,35,5,1,1,1,NA,1,1,1,1,NA,1,1,1,1,NA,1,NA,1,NA,9,1,1,2,1,3,0,1,0,1,0,1,0,0,0,0,0,0,1,1,0,0,0,0,0,0,0,1,0,4,1,4,3,1,3,2,3,3,2,3,3,3,3,4,4,2,4,4,3,4,4,4,3,2,2
849,non-sample,2,86,35,5,1,1,NA,NA,1,1,1,1,NA,1,1,NA,NA,NA,NA,1,NA,1,7,1,1,2,1,3,0,1,0,1,0,1,0,0,0,0,0,0,1,1,0,0,0,0,0,0,0,1,0,3,1,4,4,2,3,3,3,1,1,4,2,2,5,3,2,2,4,1,4,4,2,5,2,4,1
851,non-sample,1,86,35,5,1,1,NA,NA,1,1,1,1,NA,1,1,NA,1,1,1,1,1,1,11,1,1,2,1,3,0,0,1,1,0,1,0,0,0,1,0,0,1,2,0,1,0,0,0,1,0,0,0,5,1,2,2,2,2,1,2,1,1,2,3,2,4,4,5,3,5,4,3,5,4,3,1,4,2
854,non-sample,2,86,35,5,1,1,1,NA,1,1,1,1,NA,1,1,NA,NA,1,1,1,NA,NA,8,1,1,2,1,2,0,0,1,0,0,0,0,0,0,1,0,0,1,2,0,0,0,0,0,0,1,0,0,6,1,2,3,1,3,1,2,2,2,2,3,3,3,4,4,4,4,3,4,4,4,5,3,4,2
859,non-sample,1,85,36,5,NA,1,NA,NA,1,NA,1,NA,NA,1,1,NA,1,1,NA,1,1,1,8,2,1,2,1,2,0,1,0,0,0,1,0,0,0,0,1,0,1,1,0,0,0,0,0,0,0,1,0,2,NA,3,4,3,3,3,2,3,3,3,2,2,1,4,4,1,5,1,1,4,5,2,1,4,1
860,non-sample,1,85,36,5,1,1,1,1,1,1,1,1,1,NA,1,NA,NA,1,1,1,NA,NA,8,1,1,1,1,2,0,1,0,0,0,1,0,0,0,0,0,0,1,1,0,0,0,0,0,0,0,1,0,5,1,1,3,1,2,4,3,2,3,3,4,4,5,5,4,2,5,4,4,3,2,3,3,3,2
862,non-sample,1,85,36,5,NA,1,NA,NA,1,NA,1,1,NA,1,1,1,NA,NA,NA,NA,NA,1,6,2,1,2,1,3,0,0,0,1,0,1,0,0,0,0,1,0,1,2,0,0,0,0,0,0,0,1,0,5,1,3,2,2,3,2,3,3,1,4,3,3,4,4,4,4,5,4,4,3,2,2,1,3,2
863,non-sample,1,85,36,5,1,1,1,1,1,1,1,1,1,1,1,NA,NA,1,1,NA,NA,NA,8,1,1,1,1,3,0,0,1,1,0,1,0,0,0,1,0,0,1,2,0,0,1,0,0,1,0,0,0,4,1,1,2,1,2,1,2,2,1,2,4,3,3,3,5,4,5,3,4,4,1,2,4,4,3
865,non-sample,1,84,37,5,1,1,NA,NA,1,1,1,NA,NA,1,1,NA,1,NA,1,NA,NA,NA,6,2,1,2,1,3,0,0,1,1,0,1,0,0,0,1,0,0,1,2,0,0,0,0,0,0,0,0,1,3,1,3,3,4,3,4,3,3,4,3,3,3,2,3,4,2,4,4,4,4,3,4,1,5,1
866,non-sample,1,84,37,5,NA,1,NA,NA,1,NA,1,1,NA,1,1,NA,1,1,1,NA,NA,1,8,2,1,2,1,3,0,0,0,1,0,1,0,0,1,0,1,1,1,2,0,0,0,0,0,0,0,1,0,5,1,2,4,1,2,3,2,1,2,2,3,3,4,5,5,4,5,2,4,4,4,4,2,3,2
867,non-sample,1,84,37,5,1,1,NA,NA,1,1,1,1,1,1,1,NA,NA,NA,NA,NA,1,1,8,2,1,2,1,3,0,0,1,1,0,1,0,0,0,1,0,1,1,2,0,0,0,0,0,0,0,1,0,7,1,1,1,1,2,2,3,2,1,1,1,3,3,5,5,5,5,3,5,5,1,1,1,5,3
874,non-sample,1,83,38,5,1,1,NA,1,1,1,1,1,1,1,1,NA,1,1,NA,NA,NA,NA,8,1,1,1,1,3,0,1,0,1,0,1,0,0,0,0,0,0,1,1,0,0,0,0,0,1,0,1,0,5,1,1,4,1,2,4,4,1,4,1,4,3,2,4,4,2,5,5,3,1,3,4,1,3,1
875,non-sample,1,83,38,5,NA,1,NA,NA,NA,NA,1,NA,NA,1,1,1,1,1,NA,NA,NA,NA,6,2,1,2,1,3,0,0,0,0,1,1,0,0,1,0,1,0,1,2,0,0,0,0,0,0,0,1,0,6,1,4,4,1,3,4,4,4,1,3,4,4,5,4,5,3,5,3,4,3,4,2,5,5,2
876,non-sample,2,83,38,5,1,1,1,1,1,1,1,1,1,1,1,NA,NA,1,1,NA,NA,1,9,1,1,1,1,2,0,1,0,0,1,0,0,0,0,0,0,0,1,1,0,0,0,0,0,0,0,1,0,4,1,1,4,2,2,2,3,2,3,1,1,3,4,4,2,4,4,2,3,4,2,4,3,5,2
881,non-sample,1,83,38,5,1,1,NA,NA,1,1,1,NA,NA,1,1,NA,NA,1,1,NA,NA,NA,6,1,1,2,1,2,0,0,1,1,0,1,0,0,0,1,0,0,1,2,0,0,0,0,0,0,0,1,0,4,1,2,4,2,2,2,3,3,3,3,2,3,4,4,4,2,4,3,3,4,4,3,2,4,2
882,non-sample,1,83,38,5,1,1,1,1,1,1,1,1,1,1,1,NA,NA,NA,NA,NA,1,NA,7,1,1,1,1,2,0,1,0,0,0,1,0,0,0,0,0,1,1,1,0,0,0,0,0,0,0,1,0,5,1,2,4,1,2,1,3,2,1,2,4,3,4,4,2,4,5,1,4,4,5,5,2,5,3
884,non-sample,1,82,39,5,NA,1,NA,NA,1,NA,1,1,NA,1,1,NA,1,1,1,1,1,1,10,2,1,2,1,2,0,1,0,1,0,0,0,0,0,1,0,0,1,1,0,0,0,0,0,0,0,1,0,5,1,2,4,1,3,3,3,3,3,2,2,2,3,3,4,3,4,1,3,4,4,4,1,3,2
885,non-sample,1,82,39,5,NA,1,NA,NA,1,1,1,NA,NA,1,1,NA,1,1,NA,NA,NA,NA,6,2,1,2,1,3,0,0,0,1,0,1,0,0,0,1,0,1,1,2,0,1,0,0,0,1,0,1,0,6,1,2,4,1,4,4,3,2,1,1,2,1,2,4,4,3,4,3,4,3,2,2,1,2,1
886,non-sample,2,82,39,5,NA,1,NA,NA,1,NA,1,1,NA,1,1,NA,NA,1,NA,NA,NA,NA,5,2,1,2,1,3,0,0,1,1,0,0,1,0,0,1,0,0,1,2,0,0,0,0,0,0,0,1,0,5,1,2,3,2,2,3,2,3,1,4,2,3,5,2,4,4,5,4,3,2,4,4,3,2,1
887,non-sample,1,82,39,5,NA,1,NA,NA,NA,1,1,1,NA,1,1,NA,NA,NA,1,1,1,1,9,2,1,2,1,2,0,1,0,0,0,1,0,0,0,1,0,1,1,1,0,0,0,0,0,1,0,0,0,4,1,2,3,3,3,1,3,3,3,2,2,3,1,4,4,3,4,3,1,3,3,2,4,4,1
888,non-sample,2,82,39,5,NA,1,NA,NA,1,NA,1,NA,NA,1,1,NA,NA,1,NA,NA,NA,NA,4,2,1,2,1,2,0,0,0,1,0,1,0,0,1,1,0,0,1,2,0,0,0,0,0,0,0,1,0,6,1,1,4,1,4,2,2,1,1,1,4,3,5,5,5,2,5,4,5,4,3,3,1,5,3
897,non-sample,1,81,40,6,1,1,NA,NA,1,1,1,1,1,1,1,1,NA,1,1,NA,NA,1,10,2,1,2,1,3,0,1,1,1,0,1,0,0,0,1,0,0,1,1,0,0,0,0,0,0,0,1,0,5,1,3,3,1,4,4,4,2,2,3,4,4,2,4,5,2,5,4,3,3,3,4,1,2,1
898,non-sample,1,81,40,6,NA,1,NA,NA,1,NA,1,NA,NA,1,1,NA,NA,1,1,NA,NA,1,6,2,1,2,1,3,0,0,0,1,0,0,0,0,0,0,0,0,1,2,0,0,0,0,0,0,0,1,0,6,1,4,1,1,2,1,2,4,1,1,4,4,4,5,5,5,5,4,3,4,3,1,5,3,3
899,non-sample,1,81,40,6,1,1,1,1,1,1,1,1,1,1,1,NA,1,1,NA,NA,NA,1,9,1,1,1,1,3,0,1,0,1,0,1,1,0,0,1,0,0,1,1,0,1,0,0,0,0,0,1,0,5,1,3,4,1,2,1,1,2,1,2,4,3,5,4,5,4,4,4,4,4,3,5,4,4,2
900,non-sample,1,81,40,6,1,1,1,NA,1,1,1,1,1,1,1,NA,NA,NA,NA,1,1,1,9,1,1,2,1,3,0,1,0,1,0,1,0,0,0,0,1,0,1,1,0,0,0,0,0,0,0,1,0,3,1,2,4,1,2,1,3,1,2,2,3,3,4,4,5,4,5,3,4,5,5,3,3,4,2
901,non-sample,2,81,40,6,1,1,NA,NA,1,1,1,1,NA,1,1,NA,NA,NA,1,NA,NA,1,7,2,1,2,1,3,0,0,0,1,0,1,1,0,0,1,0,0,1,2,0,0,0,0,0,0,0,1,0,4,1,3,3,1,2,1,3,1,3,2,4,4,5,4,4,5,5,4,5,5,1,2,3,5,3
902,non-sample,1,81,40,6,NA,1,NA,NA,1,NA,1,NA,NA,1,1,1,NA,1,NA,NA,NA,NA,5,2,1,2,1,3,0,0,1,0,0,1,0,0,0,1,0,0,1,2,0,0,0,0,0,0,0,1,0,4,1,2,4,2,3,2,3,1,2,2,2,1,2,4,4,3,3,3,2,4,3,3,3,2,2
903,non-sample,1,81,40,6,1,1,NA,1,1,1,1,1,1,1,1,NA,NA,NA,1,1,1,1,10,1,1,1,1,3,0,1,0,0,0,1,0,0,0,0,0,0,1,1,0,1,0,0,0,0,0,0,0,NA,NA,1,4,1,4,1,4,1,2,1,1,4,4,4,5,3,5,2,4,4,5,5,1,3,3
904,non-sample,1,81,40,6,1,1,1,1,1,1,1,1,1,1,1,NA,1,1,NA,NA,1,1,10,1,1,1,1,3,0,1,0,1,1,1,0,0,0,0,0,0,1,1,0,1,0,0,0,0,0,1,0,5,1,3,3,2,2,2,3,3,3,4,3,4,5,4,3,4,5,4,4,4,4,3,4,5,2
905,non-sample,1,81,40,6,NA,1,1,NA,1,NA,1,1,NA,1,1,NA,NA,NA,NA,NA,NA,NA,4,2,1,2,1,2,0,0,1,0,0,0,0,0,0,0,0,1,1,2,0,0,0,0,0,0,1,0,0,5,1,3,4,1,3,1,4,3,2,3,3,3,3,3,4,3,5,2,2,3,3,1,3,3,2
906,non-sample,1,81,40,6,1,1,1,NA,1,1,1,1,NA,1,1,1,NA,1,1,1,1,1,11,2,1,2,1,3,0,1,0,1,0,1,1,0,0,0,1,0,1,1,0,0,0,0,0,1,0,1,0,5,1,3,3,2,2,1,3,3,2,3,4,2,5,4,4,4,5,4,5,4,4,2,3,4,2
925,non-sample,1,80,41,6,1,1,NA,1,1,1,1,1,1,1,1,NA,NA,NA,1,1,NA,NA,8,1,1,1,1,2,0,1,0,1,0,1,0,0,0,1,0,1,1,1,0,0,1,0,0,0,0,1,0,5,1,2,4,1,3,1,4,3,2,1,2,3,2,4,3,3,5,2,3,4,4,1,3,4,2
926,non-sample,2,80,41,6,1,1,NA,NA,1,1,1,1,1,1,1,NA,NA,NA,1,1,NA,1,9,1,1,2,1,2,0,1,0,0,0,1,0,0,0,1,0,0,1,1,0,0,1,0,0,0,0,1,0,6,1,2,4,1,3,2,4,3,3,2,4,2,4,4,3,4,4,3,3,3,3,4,3,3,2
927,non-sample,2,80,41,6,1,1,NA,NA,1,1,1,1,NA,1,1,NA,NA,1,1,NA,NA,1,8,1,1,2,1,1,0,0,1,0,0,1,0,0,0,1,0,0,1,2,0,1,0,0,0,0,0,1,0,3,1,1,4,3,3,4,1,2,3,3,2,2,2,3,4,2,5,2,2,3,2,4,4,2,1
928,non-sample,1,80,41,6,1,1,NA,NA,1,1,1,NA,NA,1,1,NA,1,1,NA,NA,NA,NA,6,2,1,2,1,3,0,0,1,1,0,1,0,0,0,0,1,0,1,2,0,0,0,0,0,0,0,1,0,5,1,3,3,1,3,2,4,2,2,4,4,3,3,3,2,1,4,2,1,1,4,4,1,2,1
930,non-sample,1,80,41,6,1,1,1,NA,1,1,1,1,1,1,1,NA,NA,NA,NA,NA,NA,NA,6,1,1,2,1,3,0,0,1,0,0,1,0,0,0,1,0,0,1,2,0,0,0,0,0,0,0,1,0,6,1,2,4,2,3,2,3,2,2,3,3,3,4,4,4,4,4,2,3,4,5,5,4,4,2
932,non-sample,1,80,41,6,1,1,1,1,1,1,1,1,1,1,1,NA,1,1,1,1,NA,1,11,1,1,1,1,3,0,1,0,1,0,0,0,0,0,1,0,1,1,1,0,1,0,0,0,0,1,0,0,4,1,2,1,2,3,3,3,3,2,2,2,3,2,4,4,1,4,2,2,3,5,5,2,4,1
934,non-sample,1,80,41,6,NA,1,NA,NA,1,1,1,1,NA,1,1,NA,1,NA,NA,NA,1,NA,7,2,1,2,1,3,0,0,0,1,0,1,1,0,0,1,0,1,1,2,0,1,0,0,0,1,0,0,0,6,1,4,4,1,2,4,4,4,4,4,4,4,5,5,4,3,5,4,5,5,5,5,1,5,2
944,non-sample,1,79,42,6,NA,1,NA,NA,1,1,1,1,NA,1,1,NA,NA,NA,1,NA,NA,1,7,2,1,2,1,3,0,1,0,1,0,1,1,0,0,1,1,0,1,1,0,0,0,0,0,0,0,1,0,5,1,1,4,1,2,2,4,3,3,2,3,3,4,5,5,5,5,3,4,5,4,4,3,3,2
945,non-sample,1,79,42,6,1,1,1,NA,1,1,1,1,1,1,1,NA,1,NA,1,NA,NA,NA,8,1,1,2,1,2,0,1,0,1,0,1,0,0,0,1,0,1,1,1,0,1,0,0,0,0,0,1,0,5,1,1,4,1,3,3,1,3,2,1,3,2,4,5,5,3,5,3,2,5,3,3,4,2,2
946,non-sample,2,79,42,6,1,NA,NA,NA,1,1,1,NA,NA,1,1,NA,NA,NA,NA,NA,NA,NA,4,1,2,2,1,3,0,1,0,0,0,1,0,0,0,0,0,0,1,1,0,1,0,0,0,0,0,0,0,NA,NA,3,4,3,2,2,4,2,2,3,4,2,4,3,4,3,1,2,3,1,1,2,5,4,1
947,non-sample,1,79,42,6,1,1,1,1,1,1,1,1,1,1,1,NA,NA,NA,NA,NA,NA,NA,6,1,1,1,1,2,0,1,0,1,0,1,0,0,0,0,1,0,1,1,0,1,1,0,0,0,0,0,1,4,1,2,4,2,3,1,3,1,2,2,3,2,5,4,2,2,4,1,3,4,4,5,3,1,1
948,non-sample,2,79,42,6,NA,1,NA,NA,1,NA,1,NA,NA,1,1,1,NA,NA,1,NA,NA,NA,5,2,1,2,1,3,0,0,1,1,0,1,0,0,0,1,0,0,1,2,0,0,0,0,0,0,0,1,1,6,1,4,4,3,1,3,4,3,1,3,2,1,2,5,5,4,5,4,2,2,1,1,3,1,1
949,non-sample,1,79,42,6,1,1,1,NA,1,1,1,1,1,1,1,1,1,NA,1,NA,1,1,11,2,1,2,1,3,0,1,0,1,0,1,0,0,0,0,1,0,1,1,0,1,0,0,0,0,0,1,0,6,1,3,4,1,3,1,4,2,4,1,4,2,4,4,4,5,5,2,4,4,4,4,3,4,2
950,non-sample,1,79,42,6,1,1,1,1,1,1,1,1,1,1,1,NA,1,1,1,1,NA,1,11,1,1,1,1,3,0,1,0,1,0,1,0,0,0,1,0,0,1,1,0,1,1,0,0,0,0,0,1,5,1,1,3,1,2,3,2,2,3,2,2,4,4,4,4,5,4,4,5,3,3,4,3,4,2
951,non-sample,1,79,42,6,NA,1,1,NA,1,NA,1,1,NA,1,1,1,NA,NA,NA,1,1,1,8,2,1,2,1,3,0,1,0,1,0,1,0,0,1,1,0,1,1,1,0,0,0,0,0,0,0,1,0,4,1,2,3,2,4,2,2,2,2,2,2,3,4,4,4,3,4,4,3,4,5,5,1,3,2
952,non-sample,1,79,42,6,1,1,1,1,1,1,1,1,1,1,1,NA,NA,1,1,1,NA,1,10,1,1,1,1,3,0,1,1,1,0,1,0,0,0,0,0,0,1,1,0,1,0,0,0,0,0,1,0,5,1,1,1,1,3,3,1,1,4,1,3,4,2,3,3,3,4,3,4,3,1,3,2,3,2
955,non-sample,1,79,42,6,NA,1,NA,NA,1,NA,1,1,NA,1,1,NA,NA,NA,NA,NA,NA,NA,4,2,1,2,1,2,0,1,0,0,0,1,0,0,0,0,1,0,1,1,0,0,0,0,0,0,0,1,0,7,1,1,4,1,4,1,4,1,4,1,4,4,4,4,4,3,5,1,3,5,4,5,4,5,3
958,non-sample,1,79,42,6,1,1,NA,NA,1,1,1,NA,NA,1,1,NA,1,1,NA,NA,NA,1,7,2,1,2,1,3,0,1,1,1,0,1,0,0,0,1,0,1,1,1,0,1,0,0,1,0,0,1,0,4,1,3,3,2,4,2,4,3,4,2,4,4,3,4,3,3,5,2,5,2,2,4,1,4,1
965,non-sample,1,78,43,6,1,1,NA,NA,1,1,1,NA,NA,1,1,NA,NA,NA,NA,NA,NA,1,5,2,1,2,1,1,0,1,0,1,0,1,0,0,0,0,1,1,1,1,0,0,0,0,1,0,0,1,0,5,1,2,4,1,1,1,4,4,3,1,4,3,5,5,5,5,5,1,4,3,4,3,4,4,3
966,non-sample,1,78,43,6,NA,1,NA,NA,1,NA,1,1,NA,1,1,NA,1,1,1,NA,NA,1,8,2,1,2,1,3,0,0,1,1,0,1,0,0,0,1,0,0,1,2,0,0,0,0,0,0,0,1,0,7,1,1,2,1,1,1,3,2,1,3,4,3,3,3,5,3,5,2,4,4,5,4,3,3,2
967,non-sample,1,78,43,6,NA,1,NA,NA,1,1,1,1,NA,1,1,NA,NA,NA,1,NA,NA,NA,6,2,1,2,1,3,0,1,0,1,0,0,0,0,0,0,1,0,1,1,0,0,0,0,0,0,0,1,0,6,1,3,4,1,3,2,4,3,3,3,3,3,5,5,5,5,5,2,5,5,1,1,1,1,1
968,non-sample,1,78,43,6,1,1,1,1,1,1,1,1,1,1,1,NA,1,NA,1,NA,1,1,10,1,1,1,1,3,0,1,1,0,1,1,0,0,0,1,0,0,1,1,0,0,0,0,0,0,0,1,0,3,1,1,4,1,1,1,4,4,3,1,4,4,3,4,3,3,5,5,1,2,4,5,3,4,3
974,non-sample,1,78,43,6,NA,1,NA,NA,1,1,1,NA,NA,1,1,NA,NA,NA,NA,NA,1,NA,5,2,1,2,1,3,0,0,1,0,0,0,0,0,0,1,0,0,1,2,0,0,0,0,0,0,0,1,0,5,1,3,4,1,4,4,4,3,2,2,2,3,2,4,4,2,3,3,4,1,5,5,3,3,1
975,non-sample,1,78,43,6,NA,1,NA,NA,1,NA,1,NA,NA,1,1,NA,NA,NA,NA,NA,1,NA,4,2,1,2,1,2,0,1,0,1,0,1,0,0,0,1,0,0,1,1,0,0,0,0,0,0,0,1,0,4,1,2,4,2,3,4,2,2,3,3,3,2,1,4,3,2,4,2,2,4,4,2,3,1,1
976,non-sample,1,78,43,6,NA,1,NA,NA,1,NA,1,NA,NA,1,1,NA,NA,NA,NA,NA,NA,NA,3,2,1,2,1,3,0,1,0,1,0,1,1,0,0,0,0,0,1,1,0,0,0,0,0,0,0,1,0,5,1,1,4,1,1,4,4,1,1,1,4,4,3,4,4,2,4,4,3,3,5,4,3,1,1
979,non-sample,1,77,44,6,NA,1,NA,NA,1,NA,1,1,1,1,1,NA,NA,1,1,NA,NA,NA,7,2,1,2,1,3,0,0,1,1,0,1,1,0,0,1,0,1,1,2,0,0,1,0,0,0,0,1,0,5,1,4,4,1,2,2,4,1,1,2,2,3,4,5,5,5,5,3,3,5,3,1,1,3,3
980,non-sample,1,77,44,6,1,1,NA,1,1,1,1,1,1,1,1,NA,1,1,1,1,1,NA,11,1,1,1,1,3,0,0,1,1,0,1,0,0,0,1,0,0,1,2,0,1,0,0,0,0,0,1,0,4,1,2,4,1,3,3,1,1,1,2,2,4,3,4,4,2,5,1,5,5,5,5,1,4,3
981,non-sample,1,77,44,6,NA,1,NA,NA,1,1,1,1,NA,1,1,1,1,1,1,1,1,1,12,2,1,2,1,3,0,0,1,0,1,0,0,1,0,1,0,0,1,2,0,0,0,0,0,0,0,1,0,7,1,3,4,1,2,3,3,3,3,4,4,3,4,5,5,4,5,3,5,4,3,3,4,4,2
982,non-sample,1,77,44,6,NA,1,NA,NA,1,1,1,1,NA,1,1,NA,1,1,1,1,1,1,11,2,1,2,1,3,0,1,1,1,0,1,0,0,0,1,0,0,1,1,0,0,0,0,1,0,0,0,1,5,1,2,2,1,2,1,1,1,1,1,4,4,5,5,4,5,5,5,5,5,5,4,3,4,3
983,non-sample,1,77,44,6,1,1,1,1,1,1,1,1,1,1,1,NA,NA,NA,1,NA,NA,NA,7,1,1,1,1,2,0,1,0,0,0,0,0,0,0,1,0,0,1,1,1,0,0,0,0,0,0,0,0,NA,2,2,4,1,2,1,2,1,2,1,4,1,3,3,4,3,3,3,4,4,4,5,5,5,3
984,non-sample,1,77,44,6,1,1,NA,NA,1,1,1,1,1,1,1,NA,1,NA,1,NA,1,NA,9,1,1,2,1,3,0,1,0,1,0,0,0,0,0,1,0,0,1,1,0,1,0,0,0,0,0,0,0,NA,NA,1,4,1,2,1,3,3,4,3,4,3,2,4,5,3,5,2,4,5,3,4,1,4,2
985,non-sample,2,77,44,6,1,1,1,NA,1,1,1,1,NA,1,1,NA,NA,1,1,NA,NA,1,8,2,1,2,1,2,0,1,0,0,1,1,0,0,0,0,0,0,1,1,0,0,0,0,0,0,0,1,0,7,1,1,1,1,4,1,4,1,4,2,4,4,5,4,4,4,5,5,4,3,3,4,4,4,3
988,non-sample,1,76,45,7,1,1,1,NA,1,1,1,1,1,1,1,NA,NA,NA,1,1,1,1,10,1,1,2,1,3,0,1,0,1,0,1,0,0,0,1,0,0,1,1,0,0,0,0,0,1,0,1,0,5,1,4,1,1,1,1,4,1,4,4,4,4,5,3,5,5,5,3,5,5,5,4,3,5,3
991,non-sample,1,76,45,7,1,1,1,NA,1,1,1,1,1,1,1,NA,1,NA,NA,NA,1,1,9,2,1,2,1,2,0,0,1,1,0,1,0,0,0,1,0,0,1,2,0,1,0,0,0,0,0,1,0,7,1,2,4,1,2,3,4,3,3,2,3,4,4,4,5,1,5,3,3,5,4,4,2,4,2
994,non-sample,1,75,46,7,1,1,NA,NA,1,1,1,NA,NA,1,1,NA,NA,NA,NA,NA,NA,NA,4,2,1,2,1,3,0,1,1,0,0,1,0,0,0,1,0,0,1,1,0,0,0,0,0,0,0,1,0,4,1,2,3,1,1,2,4,2,2,2,4,4,5,4,4,4,5,4,4,4,2,1,2,3,2
995,non-sample,1,75,46,7,1,1,NA,NA,1,1,1,1,1,1,1,NA,NA,NA,NA,NA,NA,1,7,2,1,2,1,3,0,0,0,1,0,1,0,0,0,1,0,0,1,2,0,0,0,0,0,0,0,1,0,4,1,1,2,1,3,1,1,4,4,1,3,4,5,4,4,4,4,4,3,5,1,2,2,3,3
996,non-sample,1,75,46,7,NA,1,1,NA,1,1,1,1,NA,1,1,1,NA,1,1,NA,NA,1,9,2,1,2,1,3,0,0,1,1,0,1,0,0,0,0,0,0,1,2,0,0,0,0,1,0,0,0,1,3,1,2,4,1,2,2,4,3,2,2,4,4,4,4,3,2,5,2,4,5,3,1,1,2,2
997,non-sample,1,75,46,7,1,1,NA,NA,1,1,1,NA,NA,1,1,NA,NA,NA,NA,NA,NA,NA,4,2,1,2,1,3,0,0,0,1,0,0,0,0,0,0,0,0,1,2,0,0,0,0,0,0,0,1,0,5,1,3,3,1,1,3,1,3,1,2,4,4,5,5,4,4,5,3,3,5,4,4,3,5,2
998,non-sample,1,75,46,7,NA,1,NA,NA,1,NA,1,1,NA,1,1,1,NA,1,1,NA,NA,1,8,2,1,2,1,2,0,0,0,1,0,1,0,0,0,1,0,1,1,2,0,0,0,0,0,0,0,1,0,4,1,2,2,2,2,4,1,2,1,2,2,2,4,2,2,3,1,2,4,2,1,1,3,2,1
1001,non-sample,1,74,47,7,1,1,NA,NA,1,1,1,1,NA,1,1,NA,NA,1,1,NA,1,NA,8,1,1,2,1,3,0,0,0,1,0,1,0,0,0,0,0,0,1,2,0,0,0,0,0,1,0,0,0,7,1,3,4,1,1,2,3,3,1,2,3,2,5,3,4,5,5,2,4,4,5,5,3,4,2
1002,non-sample,1,74,47,7,NA,1,NA,NA,1,NA,1,1,NA,1,1,1,NA,1,NA,NA,NA,1,7,2,1,2,1,3,0,0,0,1,0,1,0,0,0,1,0,1,1,2,0,0,0,0,0,0,1,1,0,6,1,3,3,2,2,2,1,3,3,3,2,3,4,5,4,4,5,4,4,4,4,4,1,3,2
1003,non-sample,1,74,47,7,NA,1,NA,NA,NA,NA,1,1,NA,1,1,NA,NA,1,NA,NA,NA,1,6,2,1,2,1,2,0,1,0,1,0,1,0,0,0,0,1,1,1,1,0,1,0,0,0,1,0,1,0,6,1,2,4,1,3,2,3,3,2,3,4,3,3,4,4,3,5,2,4,4,2,3,1,4,2
1004,non-sample,1,74,47,7,NA,1,NA,NA,1,NA,1,1,NA,1,1,NA,1,1,NA,NA,NA,NA,6,2,1,2,1,3,0,0,1,0,0,1,0,0,0,1,0,0,1,2,0,0,0,0,0,0,0,1,0,5,1,4,4,1,3,2,2,3,2,2,4,3,1,4,4,2,4,4,1,4,4,2,2,2,1
1005,non-sample,2,74,47,7,1,1,1,NA,1,1,1,1,1,1,1,NA,NA,1,NA,NA,1,NA,8,1,1,2,1,3,0,1,0,1,0,1,0,0,0,0,1,0,1,1,0,0,0,0,0,0,0,1,0,3,1,1,4,1,4,1,1,4,1,1,4,4,5,4,4,2,3,5,2,4,3,3,1,4,3
1006,non-sample,1,74,47,7,NA,1,NA,NA,1,NA,1,NA,NA,1,1,NA,NA,NA,NA,NA,NA,NA,3,2,1,2,1,3,0,0,0,1,0,1,0,0,1,0,0,0,1,2,0,0,0,0,0,0,0,0,1,5,1,4,4,1,2,3,4,4,3,3,4,3,4,4,4,2,4,3,2,4,5,5,2,4,2
1007,non-sample,1,74,47,7,NA,1,NA,NA,1,NA,1,NA,NA,1,1,NA,NA,NA,NA,NA,NA,NA,3,2,1,2,1,3,0,0,0,1,0,1,0,0,0,1,0,0,1,2,0,0,0,0,0,0,0,1,0,4,1,3,3,1,2,2,3,4,1,2,3,4,5,5,4,5,5,4,5,4,4,3,2,4,2
1008,non-sample,1,74,47,7,1,1,NA,NA,1,1,1,NA,1,1,1,NA,1,1,1,NA,1,1,10,1,1,2,1,3,0,0,0,1,0,1,0,0,0,1,1,1,1,2,0,0,0,0,0,0,0,1,0,5,1,4,4,1,3,1,1,1,1,1,4,4,3,5,4,2,5,4,3,4,3,3,1,3,2
1009,non-sample,1,74,47,7,1,1,NA,NA,1,1,1,1,NA,1,1,NA,NA,1,NA,NA,NA,1,7,2,1,2,1,3,0,0,1,1,0,1,0,0,0,1,0,0,1,2,0,1,0,0,0,0,1,0,0,4,1,2,4,1,3,2,2,3,3,4,4,4,2,4,4,1,4,5,1,4,5,5,2,4,1
1010,non-sample,1,73,48,7,1,1,1,NA,1,1,1,1,NA,1,1,NA,1,NA,NA,NA,1,1,8,2,1,2,1,2,0,0,1,1,0,1,0,0,0,1,0,0,1,2,0,1,0,0,0,0,0,1,0,3,1,1,2,1,2,1,1,2,2,1,2,1,4,4,4,4,5,5,3,5,5,5,2,3,3
1011,non-sample,1,73,48,7,NA,1,NA,NA,1,NA,1,1,NA,1,1,NA,NA,1,NA,NA,NA,NA,5,2,1,2,1,2,0,0,0,1,0,1,0,0,1,0,1,0,1,2,0,0,0,0,0,0,0,1,0,5,1,2,4,1,2,2,2,2,2,1,4,2,5,5,5,4,5,5,4,4,4,1,5,2,3
1012,non-sample,1,73,48,7,1,1,NA,NA,1,1,1,1,1,1,1,1,NA,1,1,NA,NA,1,10,1,1,2,1,3,0,0,0,1,0,1,0,0,0,1,0,0,1,2,0,0,1,0,0,0,0,1,0,5,1,4,2,1,1,2,2,3,1,1,4,4,2,3,3,3,4,2,3,4,1,2,3,3,2
1013,non-sample,2,73,48,7,NA,1,NA,NA,1,1,1,NA,NA,1,1,NA,NA,NA,NA,1,NA,NA,5,2,1,2,1,2,0,0,0,1,0,1,0,0,0,0,1,0,1,2,0,0,0,0,0,0,0,1,0,6,1,3,4,2,2,1,2,2,2,2,3,2,4,4,3,2,4,4,1,4,3,2,3,5,2
1015,non-sample,1,73,48,7,NA,1,NA,NA,1,NA,1,1,NA,1,1,NA,1,NA,1,1,NA,1,8,2,1,2,1,2,0,0,1,1,0,1,0,0,0,1,0,1,1,2,0,0,0,0,0,0,0,1,0,4,1,2,4,2,2,4,2,1,1,3,3,4,2,4,5,2,4,2,2,5,4,4,2,4,2
1019,non-sample,1,72,49,7,NA,1,NA,NA,1,NA,1,NA,NA,1,1,NA,1,1,NA,NA,1,1,7,2,1,2,1,3,0,1,0,1,0,1,0,0,0,1,0,0,1,1,0,0,0,0,1,0,0,1,0,5,1,3,3,1,3,2,4,3,1,2,4,4,4,4,3,5,5,3,5,2,5,4,3,4,2
1020,non-sample,1,72,49,7,NA,1,NA,NA,1,NA,1,1,NA,1,1,NA,NA,NA,NA,NA,NA,NA,4,2,1,2,1,3,0,1,0,1,0,1,0,0,0,0,1,0,1,1,0,0,0,0,0,0,0,1,0,5,1,4,4,2,2,1,4,4,1,2,4,4,5,5,3,5,5,3,5,5,2,3,2,5,3
1021,non-sample,2,72,49,7,1,1,NA,NA,1,1,1,1,NA,1,1,NA,NA,1,NA,NA,NA,1,7,2,1,2,1,3,0,0,1,0,0,1,0,0,0,0,0,0,1,2,0,0,0,0,0,0,1,0,0,5,1,3,3,1,1,4,4,1,3,4,4,4,1,1,2,2,1,1,1,1,1,1,5,1,1
1022,non-sample,1,72,49,7,NA,1,NA,NA,1,1,1,NA,NA,1,1,NA,NA,NA,NA,NA,NA,1,5,2,1,2,1,3,0,0,0,1,0,1,0,0,0,0,1,0,1,2,0,1,0,0,0,1,0,1,0,6,1,2,4,1,2,2,3,3,3,2,3,4,4,4,4,2,5,2,4,4,5,5,2,4,2
1023,non-sample,2,72,49,7,1,1,1,1,1,1,1,1,1,1,1,NA,NA,1,NA,NA,1,NA,8,1,1,1,1,2,0,1,1,0,0,1,0,0,0,1,0,0,1,1,0,1,0,0,0,0,0,1,0,5,1,3,3,3,2,3,4,2,2,3,2,3,4,4,4,4,4,1,2,4,3,3,4,4,2
1024,non-sample,1,72,49,7,1,1,NA,1,1,1,1,1,1,1,1,NA,NA,1,1,1,NA,NA,9,2,1,1,1,3,0,0,1,1,0,1,0,0,0,1,0,0,1,2,0,0,0,0,0,0,0,1,0,3,1,4,3,1,2,2,3,2,1,3,4,4,4,4,3,3,5,3,5,4,3,3,1,5,2
1025,non-sample,1,72,49,7,NA,1,1,NA,1,1,1,1,NA,1,1,NA,NA,1,1,NA,NA,1,8,2,1,2,1,3,0,0,0,1,1,1,0,0,0,0,1,1,1,2,0,0,0,0,0,0,1,0,0,5,1,4,3,1,2,1,1,1,4,2,4,4,5,4,3,1,5,3,3,1,1,1,1,3,1
1026,non-sample,1,72,49,7,1,1,NA,NA,1,1,1,1,NA,1,1,NA,NA,NA,NA,NA,NA,1,6,1,1,2,1,2,0,1,1,1,0,1,0,0,0,1,0,0,1,1,0,1,0,0,0,0,1,1,0,4,1,4,4,2,1,3,2,2,2,2,3,3,3,4,1,3,4,2,3,4,4,3,3,4,2
1029,non-sample,1,71,50,8,NA,1,NA,NA,NA,NA,1,NA,NA,1,1,NA,1,1,NA,NA,NA,1,6,2,1,2,1,2,0,0,0,0,0,0,0,0,0,1,0,0,1,2,0,0,0,0,0,0,0,0,1,4,1,2,2,4,1,2,1,3,2,2,2,2,3,4,4,4,2,3,2,4,4,3,3,3,2
1030,non-sample,1,71,50,8,NA,1,NA,NA,1,1,1,1,NA,1,1,NA,NA,1,NA,NA,NA,NA,6,2,1,2,1,2,0,0,0,1,0,1,0,0,0,1,0,0,1,2,0,0,1,0,1,0,0,1,0,5,1,3,4,2,3,3,3,3,4,1,2,2,2,4,3,2,4,3,2,3,2,1,4,3,1
1031,non-sample,1,71,50,8,NA,1,NA,NA,1,1,1,1,NA,1,1,NA,1,NA,1,1,1,1,10,2,1,2,1,2,0,1,0,1,0,1,0,0,0,1,0,0,1,1,0,0,0,0,0,1,0,1,0,3,1,2,4,1,2,2,3,2,2,2,3,3,2,4,3,3,3,4,2,4,5,4,3,3,2
1032,non-sample,1,71,50,8,1,1,NA,NA,1,1,1,1,NA,1,1,1,1,NA,NA,NA,1,1,9,2,1,2,1,3,0,0,1,1,0,0,0,0,0,1,0,0,1,2,0,0,0,0,0,0,0,1,0,4,1,3,3,1,3,2,2,2,2,2,3,3,2,4,3,3,5,5,4,4,5,5,2,4,2
1033,non-sample,1,71,50,8,NA,1,NA,NA,1,1,1,1,NA,1,1,NA,1,NA,1,NA,NA,1,8,2,1,2,1,3,0,0,1,1,0,1,0,0,0,1,0,0,1,2,0,1,0,0,0,0,0,1,0,4,1,4,3,2,3,3,3,2,3,3,2,3,3,4,4,4,4,3,2,4,3,4,4,2,2
1036,non-sample,1,71,50,8,NA,1,NA,NA,NA,NA,1,NA,NA,NA,1,NA,1,NA,NA,NA,NA,NA,3,2,1,2,1,3,0,1,0,0,0,1,0,0,0,0,0,1,1,1,0,0,0,0,0,0,0,1,0,1,NA,2,3,1,2,3,3,2,2,2,2,3,2,4,4,1,2,1,1,2,1,1,2,1,1
1041,non-sample,1,70,51,8,NA,1,NA,NA,1,1,1,1,NA,1,1,NA,NA,NA,NA,NA,NA,1,6,2,1,2,1,3,0,0,1,1,0,1,0,0,0,0,1,0,1,2,0,0,0,0,0,0,0,1,0,5,1,2,4,1,3,1,4,4,2,1,4,3,4,4,4,3,5,4,4,4,4,3,4,4,2
1042,non-sample,1,70,51,8,1,1,1,1,1,1,1,1,1,1,1,1,NA,1,1,1,NA,1,11,2,1,1,1,3,0,0,0,0,0,1,0,0,0,1,0,0,1,2,0,0,0,0,0,1,0,1,0,5,1,2,1,1,1,1,2,1,4,1,2,3,4,4,4,3,4,4,3,3,1,1,5,3,3
1043,non-sample,1,70,51,8,1,1,NA,NA,1,1,1,NA,NA,1,1,NA,1,NA,1,NA,NA,1,7,1,1,2,1,3,0,1,0,1,0,0,0,0,0,0,0,0,1,1,1,0,0,0,0,0,0,0,0,NA,2,4,4,1,4,1,1,1,4,3,4,4,4,4,4,3,4,4,4,4,3,2,1,5,2
1044,non-sample,1,70,51,8,1,1,NA,NA,1,1,1,1,NA,1,1,NA,NA,1,NA,NA,NA,NA,6,1,1,2,1,3,0,1,0,0,0,1,0,0,0,0,0,0,1,1,0,0,0,0,0,0,0,1,0,5,1,2,3,3,2,1,4,3,2,1,4,3,4,4,3,5,5,4,4,4,5,5,3,4,2
1045,non-sample,1,70,51,8,1,1,1,NA,1,1,1,1,NA,1,1,NA,NA,NA,1,1,NA,NA,7,1,1,2,1,3,0,1,1,1,0,1,0,0,0,0,1,0,1,1,0,0,0,0,0,1,0,1,0,4,1,3,3,1,2,3,4,2,1,2,3,3,4,5,5,3,4,1,4,5,2,4,2,4,2
1046,non-sample,1,70,51,8,1,1,NA,NA,1,1,1,NA,NA,1,1,NA,1,NA,1,NA,NA,NA,6,1,1,2,1,3,0,1,0,0,0,1,0,0,1,1,0,1,1,1,0,1,0,0,0,0,0,0,1,4,1,3,4,1,2,2,4,3,3,3,4,4,2,4,4,5,5,2,5,5,5,4,3,4,2
1049,non-sample,1,69,52,8,1,1,NA,NA,1,1,1,1,NA,1,1,NA,NA,NA,1,NA,NA,NA,6,2,1,2,1,3,0,1,0,1,0,1,0,0,1,0,1,0,1,1,0,1,0,0,1,0,0,1,0,5,1,3,3,2,2,2,2,3,3,3,3,2,2,2,2,4,2,3,4,2,2,2,2,3,1
1050,non-sample,1,69,52,8,1,1,1,NA,1,1,1,1,NA,1,1,NA,NA,1,1,NA,NA,1,8,2,1,2,1,2,0,1,0,1,0,0,0,0,0,0,1,0,1,1,0,0,0,0,0,0,0,1,0,4,1,3,2,1,3,4,3,1,2,2,2,4,4,4,1,2,4,4,3,2,4,5,1,4,1
1051,non-sample,1,69,52,8,1,1,NA,NA,1,1,1,1,NA,1,1,NA,NA,1,NA,NA,NA,1,7,2,1,2,1,3,0,1,0,1,0,1,1,0,0,1,0,1,1,1,0,0,0,0,0,0,0,1,0,6,1,3,4,1,2,2,3,2,3,2,3,3,4,4,5,5,5,3,5,4,1,1,1,2,2
1052,non-sample,1,69,52,8,NA,1,NA,NA,1,NA,1,1,NA,1,1,NA,1,NA,NA,NA,NA,1,6,2,1,2,1,3,0,0,0,1,0,1,0,0,0,0,0,0,1,2,0,0,0,0,0,0,0,1,0,3,1,3,3,1,3,2,2,2,2,4,3,3,2,4,4,3,4,3,2,4,3,2,2,4,2
1053,non-sample,1,69,52,8,1,1,1,1,1,1,1,1,1,1,1,NA,NA,1,1,NA,NA,1,9,1,1,1,1,3,0,1,1,1,0,1,0,0,0,1,0,1,1,1,0,0,0,0,0,0,0,1,0,6,1,4,4,1,3,1,4,3,4,1,1,4,4,4,4,4,5,4,5,4,1,2,4,4,3
1054,non-sample,1,68,53,8,NA,1,NA,NA,1,NA,1,NA,NA,1,1,NA,1,1,NA,NA,NA,NA,5,2,1,2,1,3,0,0,1,1,0,1,0,0,0,1,0,0,1,2,0,0,0,0,0,1,0,0,1,6,1,3,4,1,2,2,3,4,3,3,4,4,2,4,3,3,4,3,3,5,4,1,3,3,2
1055,non-sample,1,68,53,8,1,1,1,1,1,1,1,1,1,1,1,NA,NA,NA,NA,NA,NA,NA,6,1,1,1,1,3,0,1,0,1,0,0,0,0,0,0,1,0,1,1,0,0,0,0,0,0,0,1,0,4,1,2,4,1,3,2,3,1,1,2,4,3,4,4,5,2,5,4,4,3,4,3,2,4,2
1056,non-sample,1,68,53,8,1,1,1,1,1,1,1,1,1,1,1,NA,1,1,1,1,1,1,12,1,1,1,1,3,0,1,0,0,0,1,0,0,0,0,1,0,1,1,0,1,0,0,0,0,0,1,0,6,1,3,4,1,1,2,4,2,4,4,4,4,4,4,4,4,4,2,4,3,4,4,3,4,2
1057,non-sample,1,68,53,8,NA,1,NA,NA,NA,1,1,1,NA,1,1,NA,1,1,1,NA,NA,NA,8,2,1,2,1,3,0,0,1,1,0,1,0,0,0,1,0,0,1,2,0,1,0,0,0,0,0,0,1,6,1,1,4,1,2,4,3,3,3,1,3,3,4,4,4,4,4,3,4,2,1,2,3,4,2
1058,non-sample,1,68,53,8,NA,1,NA,NA,1,NA,1,1,NA,1,1,NA,NA,NA,1,NA,NA,NA,5,2,1,2,1,3,0,1,0,1,0,1,0,0,1,1,0,0,1,1,0,0,0,0,0,0,0,1,0,6,1,4,4,1,4,1,1,1,1,1,4,4,5,5,4,4,1,5,1,5,5,4,1,1,3
1059,non-sample,1,68,53,8,NA,1,NA,NA,NA,NA,1,NA,NA,1,1,NA,1,1,NA,NA,NA,NA,5,2,1,2,1,3,0,0,0,1,0,0,0,0,0,0,0,0,1,2,0,0,0,0,0,0,0,1,0,5,1,2,1,2,2,2,1,4,2,4,4,3,3,4,4,3,4,4,3,4,5,4,2,3,2
1060,non-sample,1,68,53,8,NA,1,NA,NA,1,NA,1,NA,NA,1,1,NA,NA,NA,NA,NA,NA,NA,3,2,1,2,1,2,0,0,0,1,0,1,0,0,0,1,0,0,1,2,0,0,0,0,0,0,0,1,0,5,1,3,3,1,2,1,2,3,4,2,4,3,5,4,2,5,5,4,5,4,5,4,3,4,3
1061,non-sample,1,68,53,8,NA,1,NA,NA,1,1,1,1,NA,1,1,NA,NA,NA,NA,1,1,NA,7,2,1,2,1,3,0,1,0,1,0,0,0,0,0,1,0,0,1,1,0,0,0,0,0,0,0,1,0,2,NA,3,4,2,2,3,4,2,2,4,2,2,4,4,4,3,4,4,3,2,2,2,1,3,2
1062,non-sample,1,68,53,8,NA,1,NA,NA,1,1,1,NA,1,1,1,NA,NA,1,1,NA,NA,NA,7,2,1,2,1,3,0,1,0,1,0,1,0,0,0,1,0,1,1,1,0,0,0,0,0,0,0,1,0,6,1,4,3,2,2,1,1,2,4,1,4,4,4,5,5,2,5,5,5,4,4,2,4,5,3
1063,non-sample,2,68,53,8,1,1,1,1,1,1,1,1,1,1,1,NA,NA,NA,1,NA,NA,NA,7,1,1,1,1,2,0,1,0,1,0,0,0,0,0,0,0,0,1,1,0,1,0,0,0,0,0,1,0,5,1,3,3,1,2,2,2,2,1,2,3,4,5,4,5,5,5,5,4,2,1,2,3,4,3
1064,non-sample,1,68,53,8,NA,1,1,NA,1,1,1,1,NA,1,1,NA,1,1,1,1,1,1,11,2,1,2,1,3,0,0,0,1,0,1,0,0,0,0,0,1,1,2,0,1,0,0,0,1,0,0,0,3,1,3,4,1,3,2,4,2,3,3,3,4,3,4,4,4,3,3,3,4,4,5,3,5,2
1065,non-sample,2,67,54,8,NA,1,NA,NA,1,1,1,NA,NA,1,1,NA,NA,NA,NA,NA,1,1,6,2,1,2,1,3,0,0,1,1,0,1,0,0,1,0,1,1,1,2,0,0,0,0,0,0,0,1,0,3,1,1,2,1,2,1,3,4,3,1,4,4,4,4,4,3,5,5,4,2,2,5,2,4,3
1067,non-sample,1,67,54,8,1,1,NA,NA,1,1,1,NA,NA,1,1,NA,NA,1,NA,NA,NA,NA,5,1,1,2,1,3,0,0,1,1,0,1,0,0,0,1,0,0,1,2,0,1,0,0,0,0,0,1,0,5,1,4,4,4,4,4,4,4,4,4,4,4,5,5,1,1,5,5,5,5,5,5,1,5,1
1068,non-sample,1,67,54,8,NA,1,NA,NA,1,NA,1,1,NA,1,1,1,NA,1,NA,NA,NA,NA,6,2,1,2,1,3,0,1,0,1,0,1,0,0,0,1,0,1,1,1,0,0,0,0,0,0,0,0,1,3,1,2,4,1,3,2,2,3,2,2,3,3,5,4,4,4,5,2,4,1,1,1,1,3,1
1069,non-sample,1,66,55,9,NA,1,NA,NA,1,NA,1,NA,NA,1,1,NA,1,1,NA,NA,1,NA,6,2,1,2,1,3,0,0,0,1,1,0,0,0,0,1,0,0,1,2,0,0,0,0,0,0,0,1,0,5,1,2,4,4,4,3,2,3,1,3,4,2,3,2,3,2,4,3,4,3,5,4,4,3,1
1070,non-sample,1,66,55,9,NA,1,NA,NA,NA,NA,1,1,NA,1,1,NA,NA,1,NA,NA,NA,1,6,2,1,2,1,3,0,0,0,1,0,1,0,1,0,1,0,0,1,2,0,1,0,0,0,0,0,1,0,5,1,3,4,2,4,3,1,2,2,4,3,3,2,4,5,3,5,4,3,4,5,5,1,4,2
1071,non-sample,2,66,55,9,NA,1,1,NA,1,NA,1,1,NA,1,1,NA,NA,NA,1,NA,NA,NA,5,2,1,2,1,2,0,0,1,0,0,0,0,0,0,1,0,0,1,2,0,0,0,0,0,0,0,0,1,3,1,4,4,3,3,4,4,2,1,2,2,1,2,5,3,1,4,2,3,1,1,1,4,1,1
1072,non-sample,1,66,55,9,NA,1,NA,NA,1,NA,1,NA,NA,1,1,NA,1,1,1,NA,NA,1,7,2,1,2,1,3,0,0,1,1,0,1,0,0,0,0,0,0,1,2,0,0,0,0,0,0,0,1,0,5,1,2,2,1,2,1,2,2,3,2,3,2,2,4,4,3,5,1,4,5,5,5,1,4,2
1073,non-sample,1,66,55,9,NA,1,1,NA,1,NA,1,1,NA,1,1,NA,1,NA,1,NA,NA,NA,6,2,1,2,1,1,0,1,0,0,1,1,0,0,0,0,0,1,1,1,0,0,1,0,0,0,0,1,0,5,1,2,4,1,4,2,1,2,1,4,4,3,5,5,5,4,5,4,4,4,4,4,2,4,2
1074,non-sample,2,66,55,9,NA,1,NA,NA,1,NA,1,NA,NA,1,1,NA,NA,NA,NA,NA,NA,NA,3,2,1,2,1,1,0,1,0,1,1,0,0,0,0,0,1,0,1,1,0,0,0,0,0,1,0,0,0,4,1,2,2,2,2,4,2,1,2,2,4,3,2,4,5,2,4,5,2,4,5,5,4,2,1
1075,non-sample,2,66,55,9,1,1,1,1,1,1,1,1,1,1,1,NA,NA,1,1,1,NA,1,10,1,1,1,1,3,0,1,0,1,0,1,0,0,0,1,0,0,1,1,0,0,0,0,0,0,0,1,0,3,1,3,3,1,2,1,2,2,1,3,4,4,4,4,4,3,4,4,3,3,4,4,4,4,2
1077,non-sample,1,66,55,9,NA,1,1,1,1,1,1,1,1,1,1,NA,1,NA,1,1,NA,1,10,2,1,1,1,3,0,1,1,1,1,1,0,0,0,1,0,0,1,1,0,1,1,1,1,1,0,1,0,6,1,4,2,1,2,2,3,1,2,2,4,3,3,4,4,4,5,4,4,4,4,4,3,3,2
1078,non-sample,1,66,55,9,NA,1,1,NA,1,NA,1,1,NA,1,1,NA,NA,1,1,NA,1,1,8,2,1,2,1,3,0,0,0,1,0,1,0,1,0,0,1,0,1,2,0,1,1,0,0,1,0,1,0,5,1,2,2,1,2,2,1,2,3,2,1,4,2,5,5,1,5,5,2,5,2,1,2,4,1
1079,non-sample,1,65,56,9,1,1,NA,NA,1,1,1,1,1,1,1,NA,NA,1,NA,NA,NA,NA,7,1,1,2,1,3,0,1,0,1,0,1,0,0,0,1,0,0,1,1,0,0,0,0,0,0,0,1,0,5,1,3,4,1,3,3,3,1,3,2,4,3,4,3,2,2,4,1,2,2,4,4,1,2,1
1080,non-sample,1,65,56,9,NA,1,NA,NA,1,NA,1,NA,NA,1,1,NA,NA,NA,NA,NA,NA,1,4,2,1,2,1,3,0,0,0,1,0,1,0,0,0,0,1,0,1,2,0,0,0,0,1,0,0,1,0,5,1,4,3,1,1,2,4,3,3,4,4,3,4,4,2,4,5,4,3,4,5,4,3,3,2
1081,non-sample,1,65,56,9,NA,1,1,NA,1,1,1,1,NA,1,1,NA,1,1,1,NA,NA,1,9,2,1,2,1,3,0,0,1,1,0,1,0,0,0,1,0,0,1,2,0,0,0,0,0,0,0,1,0,6,1,2,2,1,3,2,1,2,4,3,4,4,4,4,3,5,5,4,5,3,5,5,2,4,3
1082,non-sample,1,65,56,9,1,1,1,1,1,1,1,1,1,1,1,NA,NA,1,NA,NA,NA,NA,7,1,1,1,1,3,0,1,1,0,0,1,0,0,0,1,0,0,1,1,0,0,1,0,1,0,0,1,0,5,1,2,3,4,2,2,3,2,3,3,4,3,3,3,3,3,4,1,4,4,3,2,3,3,2
1083,non-sample,1,65,56,9,NA,1,NA,NA,1,NA,1,NA,NA,1,1,NA,NA,NA,NA,NA,NA,NA,3,2,1,2,1,3,0,1,0,1,0,1,0,0,1,1,0,0,1,1,0,0,1,0,0,0,0,1,0,5,1,3,4,1,3,3,3,3,2,3,4,4,4,4,2,3,5,4,4,4,1,2,2,4,2
1084,non-sample,2,65,56,9,NA,1,NA,NA,1,NA,1,NA,NA,1,1,NA,1,1,NA,1,NA,1,7,2,1,2,1,3,0,1,0,1,0,1,0,0,0,0,0,0,1,1,0,0,0,0,0,0,0,1,0,5,1,4,3,2,2,1,1,2,3,3,4,4,4,4,3,4,5,5,4,4,5,3,1,4,2
1085,non-sample,1,65,56,9,NA,1,NA,NA,1,NA,1,1,NA,1,1,NA,NA,NA,1,1,NA,NA,6,2,1,2,1,3,0,1,0,1,0,1,0,0,0,0,1,1,1,1,0,1,0,0,0,0,0,1,0,4,1,2,4,1,4,3,4,1,2,2,3,3,3,4,3,1,5,1,1,3,4,4,1,3,1
1086,non-sample,1,64,57,9,1,1,1,1,1,1,1,1,1,1,1,NA,NA,1,NA,NA,NA,1,8,1,1,1,1,2,0,1,0,0,0,1,0,0,0,0,0,0,1,1,0,0,0,0,0,0,0,0,1,5,1,4,1,1,3,3,3,3,1,4,4,4,4,5,3,4,1,3,4,3,5,3,2,4,1
1087,non-sample,1,64,57,9,1,1,NA,NA,NA,1,1,1,1,1,1,NA,1,NA,NA,NA,NA,NA,7,1,1,2,1,2,0,1,0,0,0,1,0,0,0,0,0,0,1,1,0,0,0,0,0,0,0,1,0,3,1,1,4,1,1,1,4,1,4,3,4,4,5,3,3,5,5,3,4,2,3,5,2,4,3
1088,non-sample,1,64,57,9,NA,1,NA,NA,1,NA,1,1,NA,1,1,NA,NA,NA,1,1,1,1,8,2,1,2,1,3,0,1,0,1,1,1,1,0,0,1,0,0,1,1,0,0,1,0,0,0,0,0,0,NA,NA,4,3,1,3,1,2,3,4,4,4,3,5,4,4,4,5,3,4,5,3,3,2,4,2
1089,non-sample,1,64,57,9,NA,1,NA,NA,1,1,1,NA,NA,1,1,NA,1,NA,NA,NA,NA,1,6,2,1,2,1,3,0,0,1,1,0,1,0,0,0,0,0,0,1,2,0,1,0,0,0,0,0,1,0,6,1,3,4,1,2,3,2,1,2,3,4,3,2,4,2,2,2,2,2,4,4,4,4,2,1
1090,non-sample,1,64,57,9,1,1,1,1,1,1,1,1,1,1,1,NA,NA,1,NA,NA,NA,1,8,1,1,1,1,3,0,1,1,1,0,1,0,0,0,1,0,0,1,1,0,0,1,0,0,0,0,0,1,5,1,4,3,1,3,2,2,2,3,2,4,3,5,5,5,5,5,4,4,4,5,4,3,3,2
1091,non-sample,1,64,57,9,NA,1,NA,NA,1,NA,1,1,NA,1,1,NA,1,1,1,NA,NA,1,8,2,1,2,1,3,0,0,0,1,0,0,0,0,0,1,0,0,1,2,0,0,0,0,0,0,0,1,0,5,1,4,4,4,4,4,4,3,4,4,4,4,3,2,4,1,1,5,1,1,5,5,1,3,1
1092,non-sample,2,64,57,9,NA,1,NA,NA,1,NA,1,1,NA,1,1,NA,NA,1,1,1,NA,1,8,2,1,2,1,2,0,0,0,1,0,0,0,0,0,1,0,0,1,2,0,0,0,0,0,1,0,0,0,4,1,2,3,2,3,3,2,2,3,2,2,3,2,4,4,3,5,3,3,2,1,3,1,3,2
1094,non-sample,1,64,57,9,NA,1,NA,NA,1,NA,1,NA,NA,1,1,NA,NA,NA,1,NA,NA,NA,4,2,1,2,1,2,0,0,0,1,0,1,0,0,0,1,0,0,1,2,0,0,0,0,0,0,0,0,1,6,1,3,4,1,2,2,3,3,2,2,4,3,4,4,4,2,4,2,3,4,5,3,2,3,2
1095,non-sample,1,64,57,9,NA,1,NA,NA,1,NA,1,NA,NA,1,1,NA,NA,NA,1,NA,NA,NA,4,2,1,2,1,2,0,1,0,1,0,1,0,0,0,0,1,1,1,1,0,0,0,0,0,0,0,1,0,5,1,3,3,1,3,3,1,2,3,1,3,2,3,4,5,2,5,3,2,4,4,2,3,4,2
1097,non-sample,1,63,58,9,1,1,NA,NA,1,1,1,1,1,1,1,NA,NA,NA,NA,NA,NA,NA,6,2,1,2,1,3,0,0,1,1,0,1,0,0,0,1,0,0,1,2,0,0,0,0,0,0,1,1,0,4,1,3,4,2,4,3,1,2,2,2,3,3,2,4,3,1,2,3,1,2,2,2,3,2,1
1098,non-sample,1,63,58,9,1,1,NA,NA,1,1,1,1,NA,1,1,NA,1,NA,NA,1,1,1,9,1,1,2,1,2,0,0,1,0,0,0,0,0,0,0,1,0,1,2,0,0,0,0,0,1,0,0,0,5,1,1,4,1,1,1,1,2,4,1,3,1,3,4,4,2,5,4,4,4,5,3,3,4,3
1099,non-sample,1,63,58,9,NA,1,NA,NA,1,1,1,NA,NA,1,1,NA,NA,NA,NA,NA,NA,1,5,2,1,2,1,3,0,1,1,1,0,1,0,0,0,1,0,0,1,1,0,1,0,0,0,0,0,1,0,5,1,3,4,1,3,2,4,2,3,2,4,4,4,5,5,2,5,3,2,4,3,1,1,3,2
1100,non-sample,1,63,58,9,1,1,NA,1,1,1,1,1,1,1,1,NA,1,NA,1,1,1,1,11,1,1,1,1,3,0,1,1,1,0,1,0,0,0,1,0,1,1,1,0,1,0,0,0,1,0,1,1,6,1,4,4,1,4,1,4,4,1,1,4,4,3,5,5,3,5,4,4,5,4,5,3,4,2
1101,non-sample,2,63,58,9,NA,1,1,NA,1,NA,1,1,NA,1,1,NA,NA,NA,NA,NA,NA,1,5,2,1,2,1,2,0,0,0,1,0,0,0,0,0,0,1,0,1,2,0,0,0,0,0,0,0,1,0,4,1,2,3,1,1,4,4,1,3,1,3,3,4,4,4,3,5,3,3,4,1,1,5,2,1
1103,non-sample,1,62,59,9,NA,1,NA,NA,1,NA,1,1,NA,1,1,NA,NA,NA,1,NA,1,1,7,2,1,2,1,2,0,0,0,1,0,1,0,0,0,0,1,1,1,2,0,1,1,0,0,0,0,1,0,6,1,3,3,1,2,1,3,3,2,2,3,4,2,4,3,4,5,2,3,3,4,3,1,4,2
1104,non-sample,1,62,59,9,NA,1,NA,NA,1,NA,1,1,NA,1,1,NA,NA,1,1,NA,NA,1,7,2,1,2,1,2,0,0,1,1,0,1,0,0,0,1,0,0,1,2,0,0,0,0,0,0,0,1,0,4,1,3,2,3,3,3,2,3,2,3,1,3,3,4,3,3,4,3,3,3,3,3,2,3,2
1107,non-sample,1,61,60,10,NA,1,NA,NA,1,NA,1,NA,NA,1,1,NA,NA,1,NA,NA,1,NA,5,2,1,2,1,3,0,0,1,1,0,1,0,0,0,0,0,0,1,2,0,1,0,0,0,0,0,1,0,5,1,2,4,1,1,1,4,1,2,4,4,4,5,5,4,5,5,4,5,4,5,3,1,3,3
1108,non-sample,1,61,60,10,NA,1,NA,NA,1,NA,1,1,NA,1,1,NA,NA,1,NA,NA,1,NA,6,2,1,2,1,2,0,0,0,1,0,1,0,0,1,1,0,0,1,2,0,1,0,0,0,0,0,1,1,6,1,1,3,1,2,2,4,2,1,1,1,3,4,4,4,3,4,2,2,5,4,3,4,3,2
1109,non-sample,1,61,60,10,NA,1,NA,NA,1,NA,1,NA,NA,1,1,NA,NA,NA,1,NA,NA,NA,4,2,1,2,1,3,0,0,0,0,1,1,0,0,0,1,0,0,1,2,0,0,0,0,0,0,0,1,0,6,1,4,4,1,1,4,4,4,1,4,4,4,1,3,5,1,1,1,1,2,1,1,2,3,1
1110,non-sample,1,61,60,10,NA,1,NA,NA,1,NA,1,NA,NA,1,1,NA,NA,NA,NA,NA,NA,NA,3,2,1,2,1,3,0,0,0,1,0,1,0,0,1,1,0,0,1,2,0,0,0,0,0,0,0,1,0,4,1,2,4,2,3,2,3,2,2,2,4,3,5,4,3,4,4,3,1,4,2,1,1,3,2
1114,non-sample,1,60,61,10,1,1,1,NA,1,1,1,1,1,1,1,NA,1,1,NA,NA,NA,1,9,1,1,2,1,3,0,1,0,1,0,1,0,0,0,1,0,0,1,1,0,1,0,0,0,0,0,1,0,5,1,3,3,1,2,1,2,2,3,2,4,4,2,4,4,3,4,4,4,4,4,4,2,4,2
1116,non-sample,1,60,61,10,1,1,NA,NA,1,1,1,1,1,1,1,NA,NA,NA,NA,NA,1,1,8,1,1,2,1,3,0,1,0,1,0,1,0,0,0,0,1,1,1,1,0,0,0,0,0,0,0,1,0,4,1,4,4,1,1,1,2,1,3,3,1,4,4,5,4,1,5,2,1,5,5,5,2,4,3
1119,non-sample,1,59,62,10,NA,1,1,NA,1,NA,1,1,NA,1,1,NA,1,NA,NA,NA,NA,NA,5,2,1,2,1,3,0,0,1,1,0,1,1,0,0,1,0,0,1,2,0,0,0,0,0,0,0,1,0,6,1,4,3,1,1,1,2,1,3,3,4,4,5,5,4,4,5,3,5,4,4,4,3,4,2
1120,non-sample,2,59,62,10,1,1,1,1,1,1,1,1,1,1,1,NA,NA,NA,1,NA,NA,NA,7,1,1,1,1,3,0,1,0,1,0,1,1,0,0,1,0,0,1,1,0,1,0,0,0,0,0,1,0,4,1,4,3,1,4,1,4,4,1,1,4,4,5,2,1,5,5,2,3,3,1,1,1,5,1
1121,non-sample,1,59,62,10,1,1,1,NA,1,1,1,1,NA,1,1,NA,NA,1,NA,NA,NA,NA,6,2,1,2,1,3,0,1,0,1,0,1,0,0,0,0,1,0,1,1,0,0,0,0,0,0,0,1,0,5,1,1,4,1,4,4,4,1,4,3,4,2,4,5,5,3,4,4,4,5,5,5,1,4,2
1122,non-sample,2,59,62,10,NA,1,NA,NA,1,NA,1,1,NA,1,1,NA,1,1,NA,NA,NA,1,7,2,1,2,1,1,0,0,1,1,0,0,0,0,0,0,0,0,1,2,0,0,0,0,0,0,0,1,0,5,1,3,4,3,3,3,3,3,2,4,3,3,5,5,2,3,5,3,3,5,3,3,3,3,2
1123,non-sample,2,59,62,10,NA,1,NA,NA,1,NA,1,1,NA,1,1,NA,NA,NA,NA,NA,NA,NA,4,2,1,2,1,3,0,1,0,1,0,0,0,0,0,0,0,0,1,1,1,0,0,0,0,0,0,0,0,NA,2,2,4,1,3,3,4,1,4,2,4,3,4,4,5,4,5,1,4,4,2,4,3,4,2
1127,non-sample,1,58,63,10,NA,1,NA,NA,1,NA,1,NA,NA,1,1,NA,NA,1,NA,NA,NA,NA,4,2,1,2,1,3,0,0,0,1,0,1,0,0,1,0,0,0,1,2,0,0,0,0,0,0,0,1,0,5,1,4,4,1,4,4,4,3,1,3,4,4,5,5,5,4,5,2,4,3,1,3,2,2,1
1128,non-sample,1,58,63,10,NA,1,NA,NA,1,1,1,1,1,1,1,NA,1,1,1,NA,NA,NA,9,2,1,2,1,2,0,1,0,0,0,1,0,0,0,1,0,0,1,1,0,0,0,0,0,0,0,1,0,4,1,4,4,1,3,1,3,3,2,3,3,4,4,4,2,4,5,4,4,4,5,4,2,4,2
1129,non-sample,1,58,63,10,1,1,NA,NA,1,1,1,1,1,1,1,NA,NA,1,1,NA,1,1,10,1,1,2,1,2,0,1,0,0,1,1,0,0,0,1,0,0,1,1,0,1,1,0,0,0,0,1,0,5,1,3,3,1,3,2,1,2,2,2,3,4,2,3,4,2,4,3,3,3,4,3,3,4,2
1131,non-sample,1,58,63,10,NA,1,NA,NA,1,NA,1,NA,NA,1,1,NA,NA,1,NA,NA,NA,NA,4,2,1,2,1,3,0,0,1,1,0,1,0,0,1,1,0,0,1,2,0,0,0,0,0,0,0,1,0,5,1,1,3,2,3,2,3,2,1,3,4,3,4,5,5,2,5,2,4,3,4,3,4,3,2
1132,non-sample,1,57,64,10,1,1,1,1,1,1,1,1,1,1,1,NA,NA,NA,NA,NA,NA,1,7,1,1,1,1,2,0,1,0,1,0,1,0,0,0,0,1,1,1,1,0,1,0,0,0,0,0,1,0,7,1,4,4,3,3,4,4,3,3,4,4,4,3,4,5,5,4,3,5,3,2,2,5,4,1
1133,non-sample,1,57,64,10,NA,1,NA,NA,1,NA,1,1,NA,1,1,NA,NA,NA,NA,NA,NA,NA,4,2,1,2,1,3,0,0,1,1,0,1,0,0,0,1,0,0,1,2,0,0,0,0,0,0,0,1,0,5,1,2,3,2,3,2,3,4,2,3,3,2,3,5,5,4,4,4,4,3,4,3,1,3,2
1134,non-sample,1,57,64,10,NA,1,NA,NA,1,NA,1,1,NA,1,1,NA,NA,1,1,NA,1,NA,7,2,1,2,1,3,0,1,0,1,0,1,0,0,0,0,0,1,1,1,0,0,0,0,0,1,0,1,1,5,1,4,4,1,2,1,4,2,1,4,4,4,4,4,4,4,4,3,4,3,3,5,1,5,2
1135,non-sample,1,56,65,10,NA,1,NA,NA,1,NA,1,NA,NA,1,1,NA,NA,NA,NA,NA,NA,NA,3,2,1,2,1,3,0,1,0,1,0,1,0,0,0,1,0,0,1,1,0,0,0,0,0,0,0,0,1,4,1,1,2,1,2,1,1,3,2,1,3,1,3,5,4,2,4,4,2,3,3,3,2,2,2
1136,non-sample,1,56,65,10,NA,1,1,NA,1,NA,1,1,NA,1,1,NA,NA,NA,NA,NA,NA,NA,4,2,1,2,1,3,0,0,0,1,0,1,0,0,0,1,0,0,1,2,0,0,0,0,0,0,0,1,0,5,1,2,4,1,2,3,1,3,3,2,4,3,2,4,3,1,2,4,3,4,2,1,1,2,1
1137,non-sample,1,56,65,10,1,1,NA,1,1,1,1,1,1,1,1,1,NA,NA,1,1,NA,NA,9,2,1,1,1,3,0,0,1,1,0,1,0,0,0,1,0,0,1,2,0,1,0,0,0,0,1,0,0,6,1,4,3,2,3,1,1,3,2,2,4,4,4,5,4,4,5,5,4,4,4,3,3,4,2
1138,non-sample,1,56,65,10,NA,1,NA,NA,1,NA,1,NA,NA,1,1,NA,NA,NA,NA,NA,NA,1,4,2,1,2,1,3,0,0,0,1,0,1,0,0,0,1,0,0,1,2,0,1,0,0,0,0,0,1,0,6,1,4,4,1,2,4,4,3,3,3,4,4,2,4,5,5,5,4,4,4,4,3,3,3,2
1139,non-sample,1,56,65,10,NA,1,NA,NA,1,NA,1,1,NA,1,1,NA,NA,NA,NA,NA,NA,NA,4,2,1,2,1,2,0,0,1,1,0,1,0,0,0,1,0,1,1,2,0,0,0,0,0,0,0,1,0,5,1,3,3,4,2,2,2,3,4,3,3,2,4,4,3,4,4,4,4,3,2,2,3,3,2
1147,non-sample,1,97,24,2,NA,1,NA,NA,1,NA,1,NA,NA,1,NA,NA,NA,NA,NA,NA,1,1,4,2,1,2,1,3,0,1,0,1,0,1,0,0,0,0,1,0,1,1,0,0,0,0,0,0,0,1,0,6,1,3,4,1,2,1,4,4,2,3,4,3,4,4,3,5,5,4,4,3,4,4,2,4,2
1149,non-sample,1,96,25,3,NA,1,NA,NA,1,NA,1,NA,NA,1,NA,NA,1,1,1,NA,1,NA,6,2,1,2,1,2,0,0,1,0,0,1,0,0,0,1,0,0,1,2,0,1,0,0,0,0,0,0,1,4,1,3,3,2,4,2,2,3,3,3,2,3,2,4,4,2,4,4,3,3,3,4,2,3,2
1161,non-sample,1,91,30,4,1,1,NA,NA,1,1,1,NA,NA,NA,NA,NA,1,NA,NA,NA,1,NA,4,1,1,2,1,3,0,1,0,0,0,0,0,0,0,0,1,0,1,1,0,0,0,0,0,0,0,1,0,4,1,4,4,3,3,1,4,2,3,4,2,2,3,4,4,4,4,2,3,4,5,5,2,5,2
1162,non-sample,1,91,30,4,NA,1,NA,NA,1,NA,1,NA,NA,1,NA,NA,NA,NA,NA,NA,NA,NA,2,2,1,2,1,2,0,1,0,1,0,0,0,0,0,1,0,0,1,1,0,0,0,0,0,0,0,1,0,2,NA,1,4,1,2,1,1,4,2,1,2,4,4,5,5,3,5,5,4,5,5,5,1,5,3
1167,non-sample,1,90,31,4,1,1,NA,NA,1,1,1,NA,NA,1,NA,NA,NA,NA,NA,NA,NA,1,4,1,1,2,1,3,0,1,0,1,0,1,0,0,0,0,0,0,1,1,0,0,0,0,0,0,0,1,0,4,1,3,4,1,4,3,3,3,2,1,3,2,2,5,1,2,5,3,2,4,5,2,2,3,1
1169,non-sample,1,90,31,4,1,1,1,1,1,1,1,1,1,NA,NA,NA,NA,NA,NA,NA,NA,NA,4,1,1,1,1,3,0,1,0,1,0,1,0,0,0,0,0,0,1,1,0,0,0,0,0,0,0,1,0,5,1,1,4,1,1,2,4,2,2,2,4,4,3,5,3,5,4,2,3,4,4,5,2,3,2
1172,non-sample,1,89,32,4,NA,1,NA,NA,1,NA,1,NA,NA,1,NA,NA,1,NA,NA,NA,NA,NA,3,2,1,2,1,3,0,1,0,0,0,1,0,0,0,0,1,0,1,1,0,0,0,0,0,0,0,1,0,6,1,2,3,2,2,1,4,3,2,1,2,3,3,2,5,1,4,2,2,4,2,2,3,2,1
1174,non-sample,1,88,33,4,NA,1,NA,NA,NA,NA,1,1,NA,1,NA,NA,NA,NA,NA,NA,NA,1,4,2,1,2,1,2,0,0,0,1,0,1,0,0,0,1,0,0,1,2,0,0,0,0,1,1,0,0,0,3,1,1,4,1,2,1,1,2,1,1,1,1,2,5,5,2,5,1,5,5,5,5,5,1,3
1179,non-sample,1,87,34,4,1,1,NA,NA,1,1,1,NA,NA,1,NA,NA,NA,NA,NA,NA,NA,NA,3,2,1,2,1,3,0,0,1,1,0,0,0,0,0,1,0,0,1,2,0,0,0,0,0,0,0,1,0,4,1,1,3,2,3,2,2,3,3,2,2,3,2,4,4,2,4,2,1,4,2,2,2,3,2
1185,non-sample,1,86,35,5,1,1,NA,NA,NA,1,1,NA,NA,NA,NA,NA,NA,NA,1,NA,NA,1,4,2,1,2,1,3,0,0,0,1,0,0,1,0,0,1,0,0,1,2,0,0,0,0,0,0,1,0,0,4,1,3,4,1,2,1,1,2,2,3,2,4,5,5,5,3,5,4,3,4,3,3,1,5,2
1186,non-sample,1,86,35,5,1,1,1,NA,1,1,1,1,NA,1,NA,NA,NA,NA,NA,1,NA,NA,5,1,1,2,1,3,0,0,1,1,1,0,0,0,0,1,0,0,1,2,0,1,0,0,0,0,0,1,0,6,1,2,4,2,2,2,3,3,3,2,3,3,4,4,3,4,4,3,4,3,4,4,3,3,2
1188,non-sample,1,86,35,5,NA,1,NA,NA,1,1,1,NA,NA,NA,NA,NA,NA,NA,NA,NA,1,1,4,2,1,2,1,3,0,0,0,0,0,0,1,0,0,0,0,0,1,2,0,0,0,0,0,0,1,1,0,3,1,3,3,3,2,3,3,3,3,3,3,3,4,4,4,3,5,4,4,3,3,5,3,4,2
1194,non-sample,1,86,35,5,1,1,NA,1,1,1,1,NA,1,1,NA,NA,NA,NA,NA,NA,NA,NA,4,1,1,1,1,2,0,1,1,1,0,1,0,0,0,1,0,0,1,1,0,1,0,0,0,0,0,1,0,4,1,1,4,2,2,2,3,3,3,1,2,3,3,5,5,2,5,3,3,3,5,4,4,3,2
1198,non-sample,1,85,36,5,1,1,1,1,1,1,1,1,1,1,NA,NA,NA,NA,NA,NA,NA,NA,5,1,1,1,1,2,0,1,0,1,0,1,0,0,0,0,1,1,1,1,0,0,0,0,0,0,0,1,0,5,1,1,4,2,2,2,4,3,3,1,3,3,4,4,4,4,5,2,4,4,3,3,4,4,2
1199,non-sample,1,85,36,5,1,1,NA,NA,1,1,1,1,NA,1,NA,NA,NA,NA,NA,NA,1,NA,5,1,1,2,1,2,0,1,0,1,0,1,0,0,0,0,1,0,1,1,0,0,0,0,0,0,0,1,0,5,1,1,3,2,1,1,3,4,2,1,4,2,5,4,4,5,5,2,5,4,4,4,3,5,3
1200,non-sample,1,85,36,5,NA,1,NA,NA,1,NA,1,NA,NA,1,NA,NA,NA,1,NA,NA,NA,NA,3,2,1,2,1,2,0,0,0,0,1,1,0,0,0,1,0,0,1,2,0,0,0,0,0,0,0,1,0,5,1,1,4,1,2,1,4,4,3,2,3,3,2,4,4,4,5,1,2,5,4,5,3,4,2
1202,non-sample,2,85,36,5,NA,1,NA,NA,1,1,1,NA,NA,1,NA,NA,NA,NA,1,NA,NA,NA,4,2,1,2,1,3,0,0,1,1,0,1,0,0,0,0,0,0,1,2,0,0,0,0,0,0,0,1,0,6,1,2,4,1,2,4,1,2,1,1,3,3,3,4,3,2,4,4,2,3,4,4,3,1,2
1203,non-sample,1,84,37,5,1,1,NA,NA,1,1,1,NA,NA,1,NA,NA,NA,NA,NA,NA,NA,NA,3,1,1,2,1,2,0,0,1,1,0,1,0,0,0,0,1,1,1,2,0,0,0,0,0,0,0,1,0,5,1,1,4,1,2,2,2,3,4,1,3,1,3,3,3,1,5,3,1,1,3,1,2,1,1
1204,non-sample,1,84,37,5,NA,1,1,NA,1,NA,1,1,NA,1,NA,NA,NA,NA,NA,1,NA,NA,4,2,1,2,1,3,0,0,1,1,0,1,0,0,1,1,0,1,1,2,0,0,0,0,0,0,0,1,0,5,1,3,4,1,4,1,4,4,3,2,4,3,4,4,5,2,5,2,3,3,1,2,1,5,1
1208,non-sample,2,83,38,5,1,1,1,1,1,1,1,1,1,1,NA,NA,NA,NA,NA,NA,NA,NA,5,1,1,1,1,2,0,1,0,1,0,1,0,0,0,0,0,0,1,1,0,1,1,0,0,0,0,1,0,5,1,3,4,1,2,1,4,1,3,3,4,3,4,3,3,5,4,3,4,2,4,5,4,4,2
1214,non-sample,1,82,39,5,NA,1,NA,NA,1,1,1,NA,NA,1,NA,NA,1,1,1,NA,1,1,8,2,1,2,1,2,0,1,0,1,0,1,0,0,0,1,0,1,1,1,0,0,0,0,0,0,0,1,0,4,1,4,3,1,3,1,3,2,2,2,3,3,2,4,4,3,4,1,3,4,4,3,3,5,2
1216,non-sample,1,82,39,5,NA,1,NA,NA,1,NA,1,NA,NA,1,NA,NA,NA,NA,NA,NA,NA,NA,2,2,1,2,1,3,0,0,0,1,0,0,0,0,0,0,0,0,1,2,0,0,0,0,0,0,0,1,0,4,1,3,4,3,2,3,2,2,3,2,3,2,2,3,1,3,2,1,3,3,2,2,3,2,1
1220,non-sample,1,81,40,6,NA,1,NA,NA,1,NA,1,1,NA,1,NA,NA,NA,1,NA,NA,NA,NA,4,2,1,2,1,2,0,0,0,0,1,1,0,0,0,0,1,0,1,2,0,0,0,0,0,0,0,1,0,6,1,2,4,2,3,4,3,2,3,2,2,2,2,2,2,3,5,1,4,1,1,2,2,1,1
1221,non-sample,1,81,40,6,NA,1,NA,NA,NA,NA,1,1,NA,NA,NA,NA,NA,NA,NA,NA,NA,1,3,2,1,2,1,2,0,1,0,1,0,1,0,0,0,0,1,0,1,1,0,0,0,0,0,0,0,1,0,6,1,1,4,1,1,1,1,1,1,1,1,2,4,4,5,4,4,3,4,4,4,3,1,3,3
1240,non-sample,1,79,42,6,1,1,NA,1,1,1,1,1,1,1,NA,NA,NA,NA,NA,NA,NA,1,6,1,1,1,1,3,0,1,0,1,0,1,0,0,0,0,0,0,1,1,0,0,0,0,0,0,0,1,0,4,1,2,2,2,2,2,2,1,3,2,3,3,2,4,4,4,5,5,4,4,4,5,3,4,2
1247,non-sample,1,78,43,6,NA,1,1,NA,1,1,1,1,NA,1,NA,1,NA,1,1,NA,1,1,9,2,1,2,1,3,0,0,0,1,0,0,0,0,0,1,1,1,1,2,0,0,0,0,0,1,0,1,0,5,1,2,3,1,3,4,1,1,1,3,3,3,3,4,4,1,4,4,2,4,1,2,1,2,1
1250,non-sample,1,78,43,6,1,1,1,1,1,1,1,1,1,1,NA,NA,NA,NA,NA,NA,NA,NA,5,1,1,1,1,2,0,1,0,0,0,1,0,0,0,1,0,0,1,1,0,0,0,0,0,0,0,1,0,4,1,3,4,2,3,1,4,3,2,2,3,3,5,4,4,3,4,2,3,4,5,5,3,2,2
1251,non-sample,2,78,43,6,NA,1,1,NA,1,NA,1,1,NA,1,NA,NA,1,1,1,NA,NA,NA,6,2,1,2,1,3,0,0,0,1,0,1,0,0,0,1,1,0,1,2,0,0,0,0,0,0,0,1,0,4,1,4,3,4,4,1,4,4,4,4,4,4,4,3,5,5,5,1,5,3,3,2,1,5,1
1255,non-sample,1,77,44,6,NA,1,NA,NA,1,1,1,NA,NA,1,NA,NA,NA,NA,NA,NA,NA,NA,3,2,1,2,1,2,0,0,1,0,0,0,0,0,0,1,0,1,1,2,0,0,0,0,0,0,0,1,0,5,1,1,4,1,1,1,4,4,3,1,4,4,5,5,5,5,5,3,4,5,5,3,3,3,3
1258,non-sample,1,76,45,7,NA,1,NA,NA,NA,NA,1,NA,NA,1,NA,NA,1,1,1,NA,NA,NA,5,2,1,2,1,3,0,0,1,1,0,1,0,0,0,1,0,0,1,2,0,1,0,0,0,0,0,1,0,5,1,4,4,1,3,1,2,2,3,2,2,3,2,5,4,3,4,3,4,4,4,4,3,4,2
1261,non-sample,1,75,46,7,NA,1,NA,NA,1,NA,1,NA,NA,1,NA,NA,1,1,1,NA,NA,NA,5,2,1,2,1,3,0,0,0,1,0,1,0,0,0,1,0,1,1,2,0,0,0,0,0,1,0,1,0,5,1,3,4,1,2,2,4,3,3,4,4,4,4,5,5,4,4,3,4,4,2,3,3,3,2
1262,non-sample,1,75,46,7,NA,1,NA,NA,NA,NA,1,1,1,NA,NA,NA,NA,NA,NA,NA,NA,NA,3,2,1,2,1,3,0,0,0,1,0,1,0,0,0,1,0,0,1,2,0,1,0,0,0,0,0,1,0,6,1,2,4,1,3,1,3,2,2,2,3,4,4,5,4,5,5,2,5,5,5,3,3,5,2
1263,non-sample,1,75,46,7,NA,1,NA,NA,1,NA,1,NA,NA,NA,NA,NA,1,NA,NA,NA,1,1,4,2,1,2,1,3,0,0,0,1,0,1,0,0,0,1,0,0,1,2,0,0,0,0,0,0,1,0,0,5,1,3,3,2,4,3,3,2,2,2,3,2,3,4,4,4,4,3,4,4,4,3,3,4,2
1264,non-sample,1,75,46,7,NA,1,NA,NA,NA,NA,1,NA,NA,NA,NA,NA,NA,NA,NA,NA,NA,NA,1,2,1,2,1,3,0,1,0,1,0,1,0,0,0,0,0,0,1,1,0,0,0,0,0,0,0,1,0,6,1,3,4,1,3,2,3,3,3,2,3,2,3,5,5,2,5,1,2,2,1,1,4,1,1
1265,non-sample,1,75,46,7,1,1,1,NA,1,1,1,1,NA,1,NA,NA,1,1,NA,1,NA,1,8,1,1,2,1,2,0,1,0,1,0,1,0,0,0,1,0,1,1,1,0,0,0,0,0,0,0,1,0,5,1,2,4,3,1,1,3,3,1,1,4,3,2,4,5,3,4,2,1,4,3,1,3,2,1
1267,non-sample,2,75,46,7,1,1,NA,NA,1,1,1,1,1,1,NA,NA,NA,NA,1,NA,NA,1,7,1,1,2,1,2,0,1,0,0,0,0,0,0,0,1,0,0,1,1,0,0,0,0,0,0,0,0,1,5,1,3,3,3,3,2,4,3,2,3,3,2,2,3,2,2,2,4,2,2,1,3,2,3,1
1268,non-sample,1,75,46,7,1,1,NA,NA,1,1,1,NA,NA,1,NA,NA,1,1,NA,NA,1,1,7,2,1,2,1,3,0,0,1,0,0,0,1,0,0,1,0,0,1,2,0,1,1,1,1,1,0,0,0,5,1,2,2,1,1,2,1,1,1,1,1,2,5,5,5,5,4,5,4,3,1,4,4,3,3
1269,non-sample,1,74,47,7,1,1,NA,NA,1,1,1,NA,NA,1,NA,NA,NA,NA,NA,NA,NA,NA,3,1,1,2,1,2,0,1,0,0,0,1,0,0,0,0,0,1,1,1,0,0,0,0,0,0,0,1,0,7,1,2,3,4,3,2,4,3,4,2,3,4,4,4,4,4,4,4,5,3,1,2,3,5,1
1270,non-sample,1,74,47,7,NA,1,NA,NA,NA,1,1,1,NA,1,NA,NA,1,1,1,1,1,1,10,2,1,2,1,3,0,0,0,1,0,1,0,0,0,1,0,0,1,2,0,0,0,0,0,0,1,1,0,5,1,2,2,2,2,2,3,3,2,2,3,2,2,3,2,2,4,4,4,4,3,1,4,4,2
1271,non-sample,1,74,47,7,NA,1,NA,NA,1,1,1,NA,NA,1,NA,NA,NA,NA,NA,NA,1,1,5,2,1,2,1,2,0,0,1,1,0,1,0,0,0,1,0,0,1,2,0,1,0,0,0,0,0,1,0,6,1,1,4,1,3,2,1,2,2,1,4,4,4,5,4,4,4,2,2,4,5,3,3,3,2
1272,non-sample,1,73,48,7,1,1,NA,NA,1,1,1,1,1,1,NA,1,1,NA,1,1,1,1,11,1,1,2,1,3,0,1,1,1,1,1,0,0,0,0,0,0,1,1,0,1,0,0,0,0,1,1,0,5,1,4,4,2,4,4,4,4,3,3,4,4,5,5,5,4,5,5,5,5,3,3,4,5,2
1273,non-sample,1,73,48,7,1,1,1,NA,1,1,1,1,NA,NA,NA,NA,NA,NA,NA,1,1,NA,5,1,1,2,1,3,0,0,0,1,0,1,0,1,0,0,0,0,1,2,0,0,0,0,0,1,0,0,1,4,1,3,3,2,3,3,2,3,2,4,2,3,2,4,4,2,4,4,2,2,2,2,3,4,1
1275,non-sample,1,72,49,7,1,1,1,1,1,1,1,1,1,1,NA,NA,NA,NA,1,NA,NA,NA,6,1,1,1,1,3,0,1,0,1,0,1,0,0,0,1,0,0,1,1,0,0,0,0,0,0,0,1,0,5,1,4,3,1,1,1,4,3,4,3,4,4,5,5,4,5,5,2,3,4,2,2,1,4,3
1276,non-sample,1,72,49,7,NA,1,1,1,1,1,1,1,1,NA,NA,NA,NA,NA,1,NA,1,1,7,2,1,1,1,2,0,0,0,1,0,1,0,0,0,1,0,0,1,2,0,0,0,0,0,0,0,1,0,4,1,3,4,1,1,1,1,4,1,1,4,4,5,5,5,5,5,5,5,5,5,5,3,5,3
1277,non-sample,1,72,49,7,1,1,NA,NA,1,1,1,1,1,1,NA,NA,1,NA,NA,1,NA,NA,7,2,1,2,1,3,0,1,0,0,0,1,0,0,0,1,0,0,1,1,0,0,1,0,1,0,0,0,1,5,1,4,4,1,1,3,4,2,3,4,2,3,5,4,5,2,3,4,2,4,4,1,2,2,1
1278,non-sample,1,72,49,7,1,1,1,NA,1,1,1,1,1,1,NA,NA,NA,NA,NA,NA,1,1,7,1,1,2,1,3,0,1,0,0,0,0,0,0,0,0,0,0,1,1,0,1,0,0,0,0,0,1,0,4,1,3,4,3,3,1,3,3,3,1,3,2,4,3,4,5,4,2,4,4,5,3,3,3,2
1279,non-sample,1,71,50,8,NA,1,NA,NA,NA,NA,1,NA,NA,NA,NA,NA,NA,NA,NA,NA,NA,NA,1,2,1,2,1,3,0,0,0,1,0,1,0,0,0,0,0,1,1,2,0,0,0,0,0,0,0,1,0,4,1,4,4,3,1,1,4,4,4,3,4,4,5,5,5,4,5,5,5,3,5,1,1,5,3
1280,non-sample,1,71,50,8,NA,1,NA,NA,1,NA,1,1,NA,1,NA,NA,1,1,1,NA,NA,1,7,2,1,2,1,3,0,1,0,1,0,1,0,0,0,0,0,0,1,1,0,0,0,0,0,0,1,1,0,5,1,4,4,1,2,2,1,1,4,1,4,3,3,5,3,3,1,5,3,2,4,2,3,4,1
1281,non-sample,1,70,51,8,NA,1,1,NA,1,1,1,1,NA,1,NA,NA,NA,NA,1,NA,NA,NA,5,2,1,2,1,2,0,1,0,1,0,0,0,0,0,0,0,0,1,1,0,0,0,0,1,0,0,1,0,5,1,3,4,2,3,2,3,2,2,2,3,3,3,5,4,1,4,3,5,5,4,1,2,4,2
1282,non-sample,1,69,52,8,NA,1,NA,NA,1,NA,1,NA,NA,1,NA,NA,1,NA,NA,NA,NA,1,4,2,1,2,1,3,0,1,0,1,1,1,0,0,0,0,0,0,1,1,0,0,0,0,0,0,0,1,0,6,1,1,2,2,3,1,2,2,2,1,2,1,4,4,3,3,4,4,4,4,5,4,4,3,3
1283,non-sample,1,69,52,8,1,1,1,1,1,1,1,1,1,NA,NA,NA,NA,1,NA,NA,NA,NA,5,1,1,1,1,2,0,1,0,1,0,0,0,0,0,1,0,0,1,1,0,1,0,0,0,0,0,1,0,4,1,2,3,3,3,3,4,3,1,3,2,4,4,4,4,5,4,1,1,4,2,4,2,4,1
1285,non-sample,1,68,53,8,NA,1,NA,NA,NA,NA,1,1,NA,NA,NA,NA,NA,NA,NA,NA,NA,1,3,2,1,2,1,3,0,0,0,1,0,0,1,0,0,1,0,0,1,2,0,0,0,0,0,0,0,0,1,6,1,1,2,1,1,1,1,2,1,1,4,1,3,5,3,5,5,5,4,5,5,3,3,5,3
1286,non-sample,1,68,53,8,1,1,1,1,1,1,1,1,1,1,NA,NA,1,NA,1,NA,NA,NA,7,1,1,1,1,3,0,1,0,1,0,1,0,0,0,1,0,0,1,1,0,0,0,0,0,0,0,1,0,5,1,3,2,1,3,4,3,2,3,3,4,4,4,4,4,5,5,5,5,4,4,3,4,5,2
1287,non-sample,1,68,53,8,NA,1,NA,NA,1,NA,1,NA,NA,1,NA,NA,NA,1,NA,NA,1,1,5,2,1,2,1,2,0,0,1,1,0,1,0,0,0,1,0,0,1,2,0,0,0,0,0,0,0,1,0,6,1,4,4,1,4,4,4,2,3,4,4,4,4,5,5,4,5,3,4,2,4,3,3,2,2
1288,non-sample,1,68,53,8,NA,1,NA,NA,1,NA,1,1,NA,1,NA,NA,NA,1,NA,NA,NA,NA,4,2,1,2,1,3,0,0,0,1,0,0,0,0,0,0,0,0,1,2,0,0,0,0,0,0,0,0,1,6,1,4,4,1,1,2,3,3,3,2,3,4,5,5,4,3,5,4,3,5,3,2,1,4,2
1289,non-sample,1,67,54,8,1,1,1,1,1,1,1,1,1,1,NA,NA,NA,NA,NA,1,NA,1,7,1,1,1,1,2,0,0,1,0,0,1,0,0,0,0,1,1,1,2,0,0,1,0,0,1,0,1,0,7,1,1,4,1,1,1,4,4,4,4,4,1,3,5,5,4,5,1,5,3,1,1,5,5,1
1290,non-sample,1,67,54,8,NA,1,NA,NA,1,NA,1,NA,NA,1,NA,NA,NA,NA,1,NA,NA,NA,3,2,1,2,1,3,0,0,0,1,0,1,0,0,0,1,0,0,1,2,0,0,0,0,1,0,0,1,0,6,1,3,4,1,2,2,2,4,3,3,3,3,3,5,5,3,4,3,4,3,2,2,3,3,2
1291,non-sample,1,67,54,8,NA,1,NA,NA,1,NA,1,NA,NA,1,NA,NA,NA,NA,NA,NA,NA,NA,2,2,1,2,1,3,0,0,0,1,0,1,0,0,0,0,0,1,1,2,0,0,0,0,0,0,0,1,0,4,1,3,4,1,4,3,4,4,3,3,2,3,2,4,4,1,4,3,4,4,5,3,2,3,2
1292,non-sample,1,67,54,8,NA,1,NA,NA,1,NA,1,NA,NA,1,NA,NA,NA,NA,NA,NA,NA,NA,2,2,1,2,1,1,0,1,0,1,0,0,0,0,0,0,1,0,1,1,0,0,0,0,1,0,0,0,0,NA,NA,2,4,3,2,3,2,2,3,2,2,2,2,2,4,1,5,1,1,1,4,1,1,1,1
1293,non-sample,1,67,54,8,NA,1,NA,NA,1,NA,1,NA,NA,1,NA,NA,NA,1,1,NA,NA,1,5,2,1,2,1,3,0,0,1,1,0,1,0,0,0,0,0,0,1,2,0,1,0,0,0,0,0,1,0,5,1,3,4,2,1,2,3,3,1,2,4,2,5,3,3,1,5,4,3,4,4,4,2,4,2
1294,non-sample,1,67,54,8,NA,1,NA,NA,1,1,1,NA,NA,1,NA,NA,NA,NA,NA,NA,NA,1,4,2,1,2,1,2,0,0,1,0,0,1,0,0,0,0,1,1,1,2,0,0,0,0,0,0,0,1,0,5,1,1,4,1,1,2,3,2,3,2,4,3,4,5,4,5,5,5,3,3,5,3,4,4,2
1295,non-sample,1,64,57,9,1,1,NA,NA,1,1,1,NA,NA,1,NA,NA,NA,NA,NA,NA,NA,NA,3,1,1,2,1,2,0,1,0,1,0,0,0,0,0,0,0,0,1,1,0,1,0,0,0,0,0,1,0,4,1,1,2,1,2,2,1,2,1,1,3,1,3,3,4,3,4,3,2,3,3,3,2,3,2
1296,non-sample,2,64,57,9,NA,1,NA,NA,1,NA,1,NA,NA,1,NA,NA,NA,NA,NA,NA,NA,NA,2,2,1,2,1,2,0,1,0,0,0,1,0,0,0,0,1,1,1,1,0,0,0,0,0,0,0,1,0,6,1,3,4,2,2,1,3,3,2,3,4,3,4,4,3,5,5,3,3,4,4,3,5,3,2
1297,non-sample,1,63,58,9,NA,1,NA,NA,NA,NA,1,NA,NA,NA,NA,NA,NA,NA,NA,NA,NA,NA,1,2,1,2,1,2,0,0,0,0,0,0,0,0,0,1,0,0,1,2,0,0,0,0,0,0,0,1,0,5,1,1,3,1,2,2,2,3,2,2,3,2,4,3,3,3,3,5,3,4,5,2,2,2,2
1298,non-sample,1,63,58,9,NA,1,NA,NA,1,NA,1,NA,NA,1,NA,NA,NA,1,NA,NA,NA,1,4,2,1,2,1,2,0,0,0,1,0,1,0,1,1,1,0,1,1,2,0,0,0,0,1,0,1,1,0,3,1,4,4,4,4,1,4,4,4,4,4,4,3,5,5,3,5,3,4,3,3,4,1,5,1
1299,non-sample,1,63,58,9,1,1,NA,NA,1,1,1,NA,NA,1,NA,NA,NA,NA,NA,1,NA,1,5,1,1,2,1,3,0,1,0,1,0,1,0,0,0,1,0,0,1,1,0,0,0,0,0,0,0,1,0,4,1,2,1,1,2,3,3,2,3,3,2,3,3,5,4,4,5,2,3,4,4,3,3,3,2
1301,non-sample,1,62,59,9,1,1,NA,NA,1,1,1,NA,NA,1,NA,NA,NA,NA,NA,1,1,1,6,2,1,2,1,3,0,1,1,1,0,1,0,1,0,1,0,0,1,1,0,1,1,1,0,0,0,1,0,5,1,3,4,1,2,2,3,2,3,3,2,1,4,5,5,3,5,3,4,4,5,3,3,4,2
1302,non-sample,1,62,59,9,NA,1,NA,NA,NA,NA,1,NA,NA,NA,NA,NA,NA,NA,NA,NA,NA,NA,1,2,1,2,1,3,0,0,1,1,0,1,0,0,0,1,0,0,1,2,0,0,0,0,0,0,1,1,0,5,1,3,4,1,2,2,3,4,2,4,3,4,2,5,4,2,5,4,2,5,5,1,2,5,1
1304,non-sample,1,61,60,10,1,1,1,NA,1,1,1,1,1,1,NA,NA,NA,NA,NA,NA,NA,1,6,1,1,2,1,2,0,1,0,1,0,1,0,0,0,1,0,0,1,1,0,0,0,0,0,0,0,1,0,4,1,3,4,1,3,1,4,3,2,3,3,3,3,3,3,3,4,4,4,3,2,2,2,3,2
1305,non-sample,2,59,62,10,NA,1,NA,NA,1,NA,1,NA,NA,1,NA,NA,NA,NA,NA,NA,NA,NA,2,2,1,2,1,1,0,0,1,0,0,1,0,0,1,0,1,0,1,2,0,0,0,0,0,1,0,0,0,6,1,3,4,3,3,4,4,3,3,3,4,3,3,4,5,1,5,3,4,1,5,5,4,1,1
1307,non-sample,1,59,62,10,NA,1,NA,NA,1,NA,1,NA,NA,1,NA,NA,NA,NA,NA,NA,NA,NA,2,2,1,2,1,3,0,0,0,1,0,1,0,0,0,1,0,0,1,2,0,1,0,0,1,0,0,0,1,6,1,4,4,2,3,4,4,4,3,4,4,3,4,3,2,1,1,4,1,3,5,3,3,3,1
1308,non-sample,1,58,63,10,NA,1,NA,NA,1,NA,1,NA,NA,1,NA,NA,NA,NA,NA,NA,NA,NA,2,2,1,2,1,3,0,0,0,0,0,1,0,0,0,0,1,0,1,2,0,0,0,0,0,1,0,0,0,6,1,4,4,1,2,1,4,2,2,1,4,3,4,3,5,3,5,4,3,2,3,3,3,3,2
1310,non-sample,2,57,64,10,1,1,NA,NA,1,1,1,1,NA,1,NA,NA,NA,NA,NA,1,NA,1,6,1,1,2,1,3,0,1,0,1,0,1,0,0,0,1,0,1,1,1,0,1,0,0,0,0,0,1,1,6,1,4,4,1,1,1,4,1,2,3,4,4,5,4,4,4,5,3,4,5,5,4,4,4,2
1311,non-sample,1,57,64,10,NA,1,NA,NA,1,1,1,1,NA,1,NA,NA,NA,NA,NA,NA,NA,1,5,2,1,2,1,2,0,0,1,1,0,1,0,0,0,1,0,0,1,2,0,0,1,0,0,0,0,1,0,4,1,3,4,2,2,2,4,2,3,3,3,2,2,4,4,2,5,1,4,3,3,2,1,4,2
1313,non-sample,1,56,65,10,NA,1,1,NA,1,NA,1,1,NA,1,NA,NA,NA,NA,NA,NA,NA,NA,3,2,1,2,1,3,0,1,0,1,0,1,0,0,0,0,1,0,1,1,0,0,0,0,0,0,0,1,0,6,1,3,3,3,3,3,2,2,2,3,3,2,2,4,2,3,3,4,1,2,1,3,2,2,1
